ticket_id,account_name,requester_email,priority,status,category,created_at,resolved_at
TICK-50000, blueriver solutions ,michael.hall@blueriversolutions.com,Medium,Closed,Data Sync,2026-01-27 19:08:28,2026-01-30 06:08:28
TICK-50001, BrightPath Works Corp ,ethan_harris@brightpathworks.com,Low,Pending,Data Sync,2026-01-28 16:01:12,
TICK-50002,SKYLINE WORKS,bsmith@skylineworks.com,Medium,Closed,Access Request,2026-01-13 02:56:05,2026-01-18 05:56:05
TICK-50003, PrimeWave Software ,chloe.thomas@primewavesoftware.com,High,Open,API Issue,2026-03-17 12:51:46,
TICK-50004,Summit Logic,mjohnson@summitlogic.com,Medium,Pending,API Issue,2026-02-11 08:41:59,
TICK-50005,SilverLine Systems,elijah_baker@silverlinesystems.com,Low,Resolved,Integration,2025-10-22 00:15:09,2025-10-25 11:15:09
TICK-50006,PrimeWave Software,michaelm@primewavesoftware.com,High,Closed,Login Issue,2026-03-25 19:28:14,2026-04-01 06:28:14
TICK-50007, NorthPeak Partners ,camilaw@northpeakpartners.com,Medium,Resolved,Data Sync,2026-03-07 13:48:46,2026-03-12 11:48:46
TICK-50008,Redwood Analytics Inc,isabella.adams@redwoodanalytics.com,Low,Closed,Access Request,2025-12-14 10:13:51,2025-12-19 03:13:51
TICK-50009,Redwood Systems Corp,cmoore@redwoodsystems.com,Medium,Closed,Data Sync,2026-04-08 11:04:03,2026-04-11 15:04:03
TICK-50010, BRIGHTPATH SYSTEMS ,isabellaj@brightpathsystems.com,High,Closed,Feature Request,2026-01-18 05:30:40,2026-01-23 16:30:40
TICK-50011,ClearBridge Systems,mason_king@clearbridgesystems.com,Low,Closed,Feature Request,2025-10-30 21:55:16,2025-11-04 13:55:16
TICK-50012,Skyline Technologies,james.young@skylinetechnologies.com,Low,Resolved,Data Sync,2025-10-26 06:22:47,2025-10-27 09:22:47
TICK-50013,ClearBridge Software,,Medium,Open,Integration,2026-04-13 03:25:29,
TICK-50014,NorthPeak Solutions,chloe.baker@northpeaksolutions.com,Low,Resolved,Bug Report,2025-11-28 23:30:53,2025-12-03 01:30:53
TICK-50015,ClearBridge Data Inc,hclark@clearbridgedata.com,Medium,Open,Access Request,2025-11-03 21:09:00,
TICK-50016,Redwood Works,harper.baker@redwoodworks.com,Low,Pending,Billing,2025-11-03 13:29:43,
TICK-50017,NorthPeak Solutions Inc,BENJAMIN.CLARK@NORTHPEAKSOLUTIONS.COM,Medium,Resolved,Bug Report,2025-09-03 16:18:33,2025-09-05 09:18:33
TICK-50018, BrightPath Partners ,ejackson@brightpathpartners.com,Medium,Resolved,Access Request,2026-03-06 06:47:05,2026-03-10 14:47:05
TICK-50019,Skyline Dynamics,ethan.scott@skylinedynamics.com,Medium,Resolved,Data Sync,2026-02-15 00:04:10,2026-02-17 23:04:10
TICK-50020,CloudForge Digital,sofia.lewis@cloudforgedigital.com,Medium,Closed,Billing,2026-04-17 06:10:01,2026-04-24 05:10:01
TICK-50021,PrimeWave Digital,ariaw@primewavedigital.com,High,Resolved,Login Issue,2025-08-29 23:10:58,2025-09-01 07:10:58
TICK-50022,Velocity Logic,eharris@velocitylogic.com,Medium,Resolved,Billing,2026-02-05 12:34:27,2026-02-10 05:34:27
TICK-50023, SKYLINE PARTNERS GROUP ,avah@skylinepartners.com,High,Resolved,Bug Report,2025-09-01 15:49:27,2025-09-07 20:49:27
TICK-50024,Velocity Solutions,MIAK@VELOCITYSOLUTIONS.COM,Urgent,Closed,Login Issue,2025-12-26 21:59:59,2025-12-31 05:59:59
TICK-50025, Greenfield Systems ,ava.anderson@greenfieldsystems.com,Medium,Open,Billing,2025-11-20 17:32:35,
TICK-50026,Velocity Works,liam.taylor@velocityworks.com,Medium,Pending,API Issue,2025-09-15 02:49:46,
TICK-50027,PrimeWave Digital,avery.baker@primewavedigital.com,High,Closed,Login Issue,2025-10-22 05:03:06,2025-10-26 16:03:06
TICK-50028,Greenfield Logic LLC,benjamin.adams@greenfieldlogic.com,High,Closed,Feature Request,2026-03-30 15:19:02,2026-04-02 07:19:02
TICK-50029,PRIMEWAVE NETWORKS,sanderson@primewavenetworks.com,High,Resolved,Login Issue,2025-12-24 20:00:06,2025-12-26 13:00:06
TICK-50030,nova systems,MASON_JOHNSON@NOVASYSTEMS.COM,Low,Closed,Data Sync,2026-02-20 17:58:54,2026-02-21 23:58:54
TICK-50031,CloudForge Ops,,Medium,Open,Data Sync,2026-01-02 08:15:20,
TICK-50032,PrimeWave Works Group,daniel.taylor@primewaveworks.com,Low,Resolved,Bug Report,2025-09-14 02:24:49,2025-09-15 08:24:49
TICK-50033,Everstone Dynamics LLC,benjaminc@everstonedynamics.com,Medium,Open,Feature Request,2025-11-13 14:53:28,
TICK-50034,CedarPoint Data,ahall@cedarpointdata.com,Low,Open,Feature Request,2025-09-21 16:56:31,
TICK-50035,vertex digital co,,Medium,Open,Feature Request,2026-04-09 05:00:45,
TICK-50036,Skyline Ops,chloe_baker@skylineops.com,High,Resolved,Access Request,2026-03-04 06:52:40,2026-03-10 03:52:40
TICK-50037,Apex Cloud Corp,noah_anderson@apexcloud.com,Low,Resolved,Data Sync,2025-12-08 13:34:38,2025-12-15 10:34:38
TICK-50038,NorthPeak Labs,ayoung@northpeaklabs.com,Medium,Closed,Feature Request,2025-10-06 15:34:26,2025-10-13 09:34:26
TICK-50039, Redwood Health ,sofia.white@redwoodhealth.com,Medium,Resolved,Bug Report,2025-10-12 11:39:36,2025-10-17 09:39:36
TICK-50040,PRIMEWAVE DYNAMICS,liamm@primewavedynamics.com,High,Open,API Issue,2025-12-18 04:37:49,
TICK-50041,Ironwood Logic,EVELYN.WALKER@IRONWOODLOGIC.COM,High,Open,Bug Report,2025-12-08 20:23:42,
TICK-50042,Summit Analytics,lunab@summitanalytics.com,Urgent,Open,Access Request,2025-12-24 09:50:44,
TICK-50043,Nova Cloud,ltaylor@novacloud.com,Medium,Pending,Billing,2025-11-04 22:43:50,
TICK-50044,CLOUDFORGE SOLUTIONS,jamess@cloudforgesolutions.com,Low,Open,Billing,2026-02-05 04:49:26,
TICK-50045,SilverLine Cloud,mias@silverlinecloud.com,High,Resolved,Billing,2026-03-14 21:45:54,2026-03-15 12:45:54
TICK-50046,NorthPeak Partners Co,handerson@northpeakpartners.com,Low,Resolved,API Issue,2025-11-13 08:55:02,2025-11-19 09:55:02
TICK-50047,Velocity Partners,,Medium,Resolved,Bug Report,2025-10-11 17:42:02,2025-10-14 10:42:02
TICK-50048, Redwood Health ,ewalker@redwoodhealth.com,Medium,Closed,Login Issue,2026-02-12 06:33:53,2026-02-18 21:33:53
TICK-50049, Skyline Sol ,logan_lewis@skylinesolutions.com,Medium,Pending,Access Request,2026-03-05 04:20:12,
TICK-50050,CedarPoint Logic,aria.jackson@cedarpointlogic.com,High,Closed,Feature Request,2026-01-10 11:52:19,2026-01-15 12:52:19
TICK-50051,Apex Analytics,jamesj@apexanalytics.com,Medium,Pending,Bug Report,2026-04-01 10:29:44,
TICK-50052,Redwood Software,SOFIA_WRIGHT@REDWOODSOFTWARE.COM,Medium,Resolved,Integration,2025-12-29 14:11:27,2026-01-04 20:11:27
TICK-50053,CloudForge Systems,camila.brown@cloudforgesystems.com,Medium,Resolved,Access Request,2025-11-01 07:21:23,2025-11-05 11:21:23
TICK-50054,nova partners llc,evelynm@novapartners.com,Urgent,Closed,Login Issue,2025-10-16 11:14:49,2025-10-22 15:14:49
TICK-50055,ClearBridge Dynamics,ella.walker@clearbridgedynamics.com,Medium,Closed,Feature Request,2025-09-07 15:23:23,2025-09-07 18:23:23
TICK-50056, Greenfield Digital Group ,avery_walker@greenfielddigital.com,Medium,Closed,Bug Report,2026-03-30 17:00:51,2026-03-31 12:00:51
TICK-50057,Ironwood Labs,amelia.white@ironwoodlabs.com,Medium,Resolved,Bug Report,2026-01-24 08:36:57,2026-01-25 03:36:57
TICK-50058,Apex Analytics Group,cjackson@apexanalytics.com,Medium,Open,Billing,2025-09-06 08:59:36,
TICK-50059,Greenfield Cloud Inc,mia_king@greenfieldcloud.com,High,Closed,Integration,2025-09-22 05:08:16,2025-09-28 16:08:16
TICK-50060,ClearBridge Ops,evelyn_king@clearbridgeops.com,Low,Open,Access Request,2025-09-16 05:32:18,
TICK-50061,NorthPeak Software Group,SOFIAM@NORTHPEAKSOFTWARE.COM,Low,Closed,Billing,2026-04-21 19:52:54,2026-04-25 19:52:54
TICK-50062,CedarPoint Systems,EMMA_ANDERSON@CEDARPOINTSYSTEMS.COM,Low,Closed,Login Issue,2025-11-30 19:01:25,2025-12-01 16:01:25
TICK-50063,Greenfield Networks,henrya@greenfieldnetworks.com,High,Closed,Feature Request,2025-11-30 21:36:01,2025-12-03 03:36:01
TICK-50064,Summit Logic Group,sofia_walker@summitlogic.com,Low,Resolved,Integration,2026-03-23 23:58:13,2026-03-24 14:58:13
TICK-50065,Summit Logic,elijah_johnson@summitlogic.com,Low,Resolved,Data Sync,2026-02-12 17:15:39,2026-02-17 15:15:39
TICK-50066,BrightPath Logic,blewis@brightpathlogic.com,Medium,Open,Bug Report,2026-02-14 04:08:31,
TICK-50067,Apex Logic,noah_harris@apexlogic.com,Medium,Open,Access Request,2026-04-12 05:42:42,
TICK-50068,NorthPeak Systems Inc,chloe_thomas@northpeaksystems.com,Medium,Resolved,Data Sync,2026-04-05 02:37:14,2026-04-10 16:37:14
TICK-50069,Nova Analytics,loganb@novaanalytics.com,Medium,Pending,Access Request,2026-04-21 18:53:39,
TICK-50070,ClearBridge Software Group,sallen@clearbridgesoftware.com,Medium,Open,Access Request,2026-02-22 21:06:33,
TICK-50071,Nova Dynamics,emma.martin@novadynamics.com,Urgent,Resolved,Bug Report,2025-11-22 01:16:33,2025-11-23 16:16:33
TICK-50072,NorthPeak Logic,mason.clark@northpeaklogic.com,Medium,Resolved,Bug Report,2026-01-09 22:53:57,2026-01-10 11:53:57
TICK-50073, ClearBridge Digital ,ella_harris@clearbridgedigital.com,Medium,Pending,Login Issue,2025-09-04 07:44:54,
TICK-50074,PRIMEWAVE DATA,SOFIA_MOORE@PRIMEWAVEDATA.COM,Medium,Closed,Data Sync,2025-11-15 20:42:40,2025-11-21 08:42:40
TICK-50075,NorthPeak Solutions,emma_scott@northpeaksolutions.com,Urgent,Closed,Integration,2025-10-11 19:38:19,2025-10-17 12:38:19
TICK-50076,CloudForge Networks,mason_hall@cloudforgenetworks.com,Medium,Resolved,API Issue,2025-12-25 23:52:45,2025-12-27 06:52:45
TICK-50077,NorthPeak Solutions Corp,jamess@northpeaksolutions.com,High,Closed,Access Request,2025-11-28 20:37:15,2025-12-03 06:37:15
TICK-50078, PrimeWave Cloud Corp ,chloe_king@primewavecloud.com,Medium,Open,Data Sync,2025-10-29 11:59:45,
TICK-50079,GREENFIELD LOGIC,masona@greenfieldlogic.com,Medium,Resolved,Access Request,2025-10-14 05:31:33,2025-10-20 05:31:33
TICK-50080,NOVA DIGITAL,iallen@novadigital.com,High,Resolved,Access Request,2026-02-16 09:35:11,2026-02-21 02:35:11
TICK-50081,Redwood Analytics,ltaylor@redwoodanalytics.com,Medium,Resolved,API Issue,2025-12-28 04:15:58,2026-01-02 16:15:58
TICK-50082,ClearBridge Digital Co,lunay@clearbridgedigital.com,Urgent,Closed,Bug Report,2025-09-11 00:26:06,2025-09-13 07:26:06
TICK-50083,PrimeWave Data Group,ltaylor@primewavedata.com,High,Closed,Billing,2025-10-05 22:40:58,2025-10-08 23:40:58
TICK-50084,CloudForge Technologies,luna_nelson@cloudforgetechnologies.com,Medium,Pending,API Issue,2025-11-12 14:59:19,
TICK-50085,ClearBridge Cloud,daniel.nelson@clearbridgecloud.com,Urgent,Closed,Data Sync,2025-10-09 23:05:18,2025-10-10 21:05:18
TICK-50086,CedarPoint Solutions,liam.green@cedarpointsolutions.com,Medium,Pending,API Issue,2026-03-16 04:24:59,
TICK-50087,PrimeWave Solutions,ava.walker@primewavesolutions.com,Medium,Closed,API Issue,2025-09-29 04:25:51,2025-10-01 12:25:51
TICK-50088,Greenfield Technologies,henry_green@greenfieldtechnologies.com,Medium,Closed,Integration,2025-11-23 18:58:50,2025-11-29 00:58:50
TICK-50089,Skyline Health Corp,aria.harris@skylinehealth.com,Medium,Open,Integration,2026-02-06 17:36:34,
TICK-50090, Nova Digital ,chloeb@novadigital.com,Low,Resolved,Access Request,2025-09-18 08:18:19,2025-09-21 20:18:19
TICK-50091, Nova Digital ,benjamin.green@novadigital.com,High,Resolved,Feature Request,2025-11-19 16:20:13,2025-11-21 12:20:13
TICK-50092,CloudForge Solutions Group,eyoung@cloudforgesolutions.com,Medium,Open,Integration,2026-03-28 10:55:31,
TICK-50093,PRIMEWAVE CLOUD,SOPHIA_YOUNG@PRIMEWAVECLOUD.COM,High,Closed,Data Sync,2025-09-08 17:49:16,2025-09-14 09:49:16
TICK-50094, Apex Analytics ,logan.brown@apexanalytics.com,High,Open,Data Sync,2026-01-28 08:50:51,
TICK-50095,Velocity Digital Group,luna.young@velocitydigital.com,Medium,Closed,Integration,2026-04-17 23:01:57,2026-04-21 11:01:57
TICK-50096,Redwood Analytics LLC,ella.king@redwoodanalytics.com,Medium,Closed,Login Issue,2025-09-01 10:00:37,2025-09-05 16:00:37
TICK-50097,APEX HEALTH,hwright@apexhealth.com,Medium,Open,Feature Request,2026-03-31 13:24:32,
TICK-50098,CloudForge Software,camilaj@cloudforgesoftware.com,Medium,Pending,Login Issue,2025-09-08 21:52:23,
TICK-50099,CloudForge Systems Inc,jjohnson@cloudforgesystems.com,High,Resolved,Data Sync,2026-02-07 01:24:30,2026-02-11 03:24:30
TICK-50100, Vertex Logic ,lunaw@vertexlogic.com,High,Pending,Bug Report,2025-08-29 07:52:25,
TICK-50101, Velocity Software ,anelson@velocitysoftware.com,High,Open,Integration,2026-02-21 11:56:02,
TICK-50102,Velocity Data,sophia_smith@velocitydata.com,Urgent,Resolved,Data Sync,2025-10-01 04:18:12,2025-10-04 18:18:12
TICK-50103,Velocity Systems,djackson@velocitysystems.com,High,Pending,Feature Request,2025-12-22 11:22:39,
TICK-50104,Nova Technologies LLC,,Medium,Resolved,Billing,2026-04-12 17:00:08,2026-04-19 08:00:08
TICK-50105,BlueRiver Networks,samuelh@bluerivernetworks.com,Medium,Closed,Integration,2026-03-12 11:01:00,2026-03-17 01:01:00
TICK-50106, PrimeWave Labs ,averya@primewavelabs.com,High,Resolved,Integration,2025-12-11 14:16:20,2025-12-16 07:16:20
TICK-50107, vertex analytics co ,mclark@vertexanalytics.com,Medium,Closed,Billing,2026-03-31 03:14:11,2026-04-02 05:14:11
TICK-50108, PRIMEWAVE DATA ,logan_green@primewavedata.com,Medium,Open,Access Request,2025-12-09 18:22:54,
TICK-50109,ironwood technologies,,High,Resolved,Billing,2025-11-01 05:14:27,2025-11-08 04:14:27
TICK-50110, NorthPeak Works ,logan.moore@northpeakworks.com,Low,Pending,Data Sync,2025-09-18 22:29:36,
TICK-50111,Ironwood Ops,lucasn@ironwoodops.com,Low,Open,Bug Report,2025-09-18 14:38:41,
TICK-50112, Everstone Networks Inc ,aria.wright@everstonenetworks.com,Low,Open,Billing,2026-01-08 22:11:49,
TICK-50113,Summit Labs,cbaker@summitlabs.com,High,Resolved,Bug Report,2026-01-18 04:26:47,2026-01-20 21:26:47
TICK-50114,BrightPath Works,avery.jackson@brightpathworks.com,High,Closed,Data Sync,2025-11-02 12:22:56,2025-11-05 08:22:56
TICK-50115,Greenfield Labs,sofiag@greenfieldlabs.com,Medium,Resolved,Billing,2026-03-22 15:37:26,2026-03-27 08:37:26
TICK-50116, Skyline Digital ,samuel_anderson@skylinedigital.com,Low,Resolved,Data Sync,2026-03-14 12:38:42,2026-03-16 13:38:42
TICK-50117,Vertex Digital Inc,sophiat@vertexdigital.com,Medium,Pending,Integration,2026-01-02 17:19:28,
TICK-50118,Ironwood Labs,david.white@ironwoodlabs.com,Medium,Resolved,Billing,2026-01-17 16:11:30,2026-01-22 21:11:30
TICK-50119, Redwood Works Co ,cscott@redwoodworks.com,Medium,Open,Data Sync,2026-03-12 15:40:07,
TICK-50120,PrimeWave Labs LLC,lmoore@primewavelabs.com,Low,Open,API Issue,2026-02-20 14:34:00,
TICK-50121, greenfield cloud ,benjamin_allen@greenfieldcloud.com,High,Resolved,Data Sync,2025-10-03 12:50:20,2025-10-07 18:50:20
TICK-50122,Summit Analytics,henry.baker@summitanalytics.com,Urgent,Resolved,Integration,2026-01-25 16:31:46,2026-01-29 10:31:46
TICK-50123,BLUERIVER NETWORKS LLC,benjamin_white@bluerivernetworks.com,Medium,Open,API Issue,2026-03-07 21:26:48,
TICK-50124, Vertex Tech ,mia.clark@vertextechnologies.com,High,Closed,Data Sync,2026-03-14 15:36:58,2026-03-19 16:36:58
TICK-50125,NorthPeak Systems,chloe.nelson@northpeaksystems.com,High,Pending,Data Sync,2025-09-15 21:39:36,
TICK-50126,Summit Systems,lucasj@summitsystems.com,Low,Closed,Access Request,2026-01-21 15:47:40,2026-01-22 13:47:40
TICK-50127, SILVERLINE SYSTEMS ,ella_jackson@silverlinesystems.com,Medium,Open,Login Issue,2026-01-15 07:14:11,
TICK-50128,Greenfield Health Corp,mason.thomas@greenfieldhealth.com,High,Resolved,Access Request,2025-09-08 22:49:47,2025-09-13 05:49:47
TICK-50129, CedarPoint Logic Co ,liam.anderson@cedarpointlogic.com,High,Pending,Data Sync,2025-09-24 10:56:47,
TICK-50130,Skyline Digital,mason.adams@skylinedigital.com,Medium,Resolved,API Issue,2025-11-08 03:49:34,2025-11-11 10:49:34
TICK-50131,cedarpoint works,camila.moore@cedarpointworks.com,High,Pending,Integration,2025-12-14 09:09:18,
TICK-50132, PrimeWave Dynamics ,aria_wright@primewavedynamics.com,Medium,Pending,Access Request,2026-04-20 04:06:40,
TICK-50133,Vertex Dynamics Corp,chloe.lewis@vertexdynamics.com,Medium,Resolved,Feature Request,2026-03-20 10:25:04,2026-03-24 15:25:04
TICK-50134,Skyline Ops,amelias@skylineops.com,Medium,Open,Data Sync,2026-02-23 05:52:35,
TICK-50135,PrimeWave Data Corp,benjamin.moore@primewavedata.com,High,Open,Login Issue,2025-10-12 16:37:32,
TICK-50136,BrightPath Technologies,david_martin@brightpathtechnologies.com,Medium,Resolved,Access Request,2025-12-27 03:27:23,2026-01-01 21:27:23
TICK-50137, Apex Analytics ,michael_wright@apexanalytics.com,High,Resolved,Billing,2025-10-31 15:15:25,2025-11-01 18:15:25
TICK-50138,SilverLine Software,SAMUEL.BAKER@SILVERLINESOFTWARE.COM,Medium,Pending,Integration,2026-04-19 13:26:33,
TICK-50139,Nova Networks,ETHANA@NOVANETWORKS.COM,Medium,Closed,Login Issue,2026-02-25 02:30:39,2026-02-27 07:30:39
TICK-50140,VELOCITY PARTNERS CORP,,Medium,Closed,Login Issue,2026-01-01 09:08:16,2026-01-03 03:08:16
TICK-50141,Vertex Solutions,NOAH_HALL@VERTEXSOLUTIONS.COM,Medium,Resolved,Access Request,2026-04-18 11:00:46,2026-04-24 05:00:46
TICK-50142,Redwood Data,chloe.wright@redwooddata.com,High,Open,Access Request,2025-10-12 21:52:18,
TICK-50143, Nova Data ,alexander_white@novadata.com,High,Closed,Feature Request,2026-03-04 15:24:25,2026-03-07 11:24:25
TICK-50144,Skyline Systems,ameliaw@skylinesystems.com,Medium,Pending,Billing,2025-12-16 19:55:45,
TICK-50145,Skyline Cloud,avaj@skylinecloud.com,High,Pending,Feature Request,2026-04-09 05:40:44,
TICK-50146,SilverLine Health,hgreen@silverlinehealth.com,Low,Pending,Login Issue,2026-01-18 02:53:24,
TICK-50147,NorthPeak Data,aria.wright@northpeakdata.com,Low,Pending,Feature Request,2025-11-10 05:12:44,
TICK-50148,Redwood Solutions,mia_smith@redwoodsolutions.com,Medium,Pending,Billing,2025-09-20 19:54:22,
TICK-50149,PrimeWave Data,evelyn.nelson@primewavedata.com,High,Resolved,Billing,2025-12-06 22:40:18,2025-12-07 23:40:18
TICK-50150,PrimeWave Digital,elijah.hall@primewavedigital.com,High,Open,Access Request,2025-09-23 02:29:44,
TICK-50151,SilverLine Technologies,ariaj@silverlinetechnologies.com,High,Resolved,Integration,2025-11-09 09:14:02,2025-11-16 05:14:02
TICK-50152,NorthPeak Networks Inc,charlotte_green@northpeaknetworks.com,Medium,Resolved,Bug Report,2025-12-10 15:27:05,2025-12-16 01:27:05
TICK-50153,Apex Health,harper.moore@apexhealth.com,Medium,Pending,API Issue,2026-02-13 20:29:09,
TICK-50154,Apex Technologies,dthomas@apextechnologies.com,Urgent,Open,Access Request,2025-10-25 11:13:02,
TICK-50155,NorthPeak Analytics,alexandern@northpeakanalytics.com,Medium,Open,API Issue,2026-01-16 17:36:06,
TICK-50156,CloudForge Networks,evelynm@cloudforgenetworks.com,Medium,Open,Bug Report,2025-12-10 05:22:31,
TICK-50157,PrimeWave Works,ethan_nelson@primewaveworks.com,Medium,Pending,Data Sync,2025-09-23 15:17:13,
TICK-50158, Skyline Works ,alexanderj@skylineworks.com,High,Open,Bug Report,2025-10-04 03:03:59,
TICK-50159,Velocity Logic,masonh@velocitylogic.com,Urgent,Resolved,Feature Request,2025-11-11 09:39:36,2025-11-16 03:39:36
TICK-50160,apex systems co,harper_harris@apexsystems.com,Medium,Resolved,Access Request,2026-02-14 21:06:41,2026-02-17 05:06:41
TICK-50161,Ironwood Software,ella_johnson@ironwoodsoftware.com,Low,Open,Login Issue,2026-03-18 22:35:55,
TICK-50162,Vertex Works,mia_wright@vertexworks.com,High,Resolved,Feature Request,2025-10-08 08:36:55,2025-10-13 21:36:55
TICK-50163,BlueRiver Analytics,aria_young@blueriveranalytics.com,High,Resolved,Feature Request,2025-11-04 06:54:02,2025-11-07 22:54:02
TICK-50164,SUMMIT SYSTEMS,sadams@summitsystems.com,Medium,Resolved,Login Issue,2026-02-19 12:08:53,2026-02-21 17:08:53
TICK-50165,SilverLine Software,ewhite@silverlinesoftware.com,High,Closed,Data Sync,2025-12-26 04:43:29,2025-12-28 11:43:29
TICK-50166, CedarPoint Dynamics ,michael_smith@cedarpointdynamics.com,Medium,Closed,API Issue,2026-02-14 03:30:53,2026-02-16 10:30:53
TICK-50167,everstone labs inc,henryn@everstonelabs.com,Low,Open,Data Sync,2025-11-15 03:32:44,
TICK-50168,VERTEX LOGIC INC,charlotte_brown@vertexlogic.com,High,Pending,Feature Request,2025-10-03 14:15:39,
TICK-50169,CloudForge Logic Group,aanderson@cloudforgelogic.com,Low,Closed,API Issue,2025-10-19 09:19:51,2025-10-21 08:19:51
TICK-50170,Nova Networks Corp,,Medium,Closed,Access Request,2026-03-15 03:16:38,2026-03-17 03:16:38
TICK-50171,CloudForge Labs,MSCOTT@CLOUDFORGELABS.COM,High,Closed,Access Request,2025-10-20 18:55:54,2025-10-21 07:55:54
TICK-50172,brightpath cloud,charlotte_allen@brightpathcloud.com,High,Closed,Integration,2026-04-17 00:28:19,2026-04-17 02:28:19
TICK-50173,Nova Dynamics,daniel.baker@novadynamics.com,High,Resolved,Access Request,2025-11-18 21:42:21,2025-11-20 11:42:21
TICK-50174, Greenfield Sol ,logana@greenfieldsolutions.com,Low,Resolved,API Issue,2026-04-12 04:05:24,2026-04-18 09:05:24
TICK-50175,PrimeWave Cloud,,Urgent,Resolved,Access Request,2025-10-20 06:00:36,2025-10-22 20:00:36
TICK-50176,Summit Cloud,logang@summitcloud.com,Medium,Resolved,Bug Report,2025-12-05 19:05:41,2025-12-07 03:05:41
TICK-50177,PrimeWave Dynamics Co,jtaylor@primewavedynamics.com,Urgent,Resolved,API Issue,2026-01-14 15:33:36,2026-01-14 23:33:36
TICK-50178,Vertex Technologies,djohnson@vertextechnologies.com,Medium,Open,API Issue,2026-03-12 03:33:15,
TICK-50179,CedarPoint Software Group,agreen@cedarpointsoftware.com,Medium,Open,Data Sync,2025-10-26 09:14:00,
TICK-50180,VERTEX DIGITAL,charlotte.johnson@vertexdigital.com,Low,Pending,API Issue,2026-02-23 11:41:34,
TICK-50181,Summit Data,amelia_green@summitdata.com,High,Pending,API Issue,2025-11-27 21:29:51,
TICK-50182,ClearBridge Dynamics,logan.harris@clearbridgedynamics.com,Medium,Open,Access Request,2026-02-13 22:11:30,
TICK-50183, Greenfield Labs ,logan_smith@greenfieldlabs.com,Medium,Closed,Login Issue,2025-09-22 01:46:44,2025-09-25 18:46:44
TICK-50184,Ironwood Logic,mason_baker@ironwoodlogic.com,Medium,Closed,Feature Request,2026-04-17 00:53:28,2026-04-20 22:53:28
TICK-50185, PrimeWave Software ,ava_taylor@primewavesoftware.com,High,Closed,Data Sync,2025-12-01 07:23:20,2025-12-02 06:23:20
TICK-50186, PrimeWave Data ,liam.scott@primewavedata.com,Urgent,Closed,Data Sync,2026-03-15 06:41:56,2026-03-19 09:41:56
TICK-50187,Vertex Data,avery.hall@vertexdata.com,Urgent,Pending,Login Issue,2025-09-10 05:08:45,
TICK-50188,ClearBridge Works,chloec@clearbridgeworks.com,Low,Closed,Feature Request,2026-02-01 19:02:15,2026-02-06 17:02:15
TICK-50189,Skyline Labs,henryb@skylinelabs.com,Medium,Closed,Access Request,2026-01-28 14:09:34,2026-01-30 12:09:34
TICK-50190,northpeak labs,chloe_adams@northpeaklabs.com,Urgent,Closed,Bug Report,2025-11-06 01:00:52,2025-11-08 06:00:52
TICK-50191,Everstone Labs,olivia.moore@everstonelabs.com,Urgent,Resolved,Login Issue,2026-03-31 04:25:20,2026-04-04 11:25:20
TICK-50192,Summit Digital Co,ethan_martin@summitdigital.com,Medium,Resolved,Integration,2025-12-17 21:02:19,2025-12-18 20:02:19
TICK-50193,Nova Systems,noah_scott@novasystems.com,High,Pending,Data Sync,2025-08-30 13:19:31,
TICK-50194,Everstone Systems Group,chloew@everstonesystems.com,Medium,Resolved,API Issue,2025-12-05 06:51:45,2025-12-09 05:51:45
TICK-50195,Apex Health,etaylor@apexhealth.com,Medium,Resolved,Access Request,2026-03-10 19:23:26,2026-03-16 14:23:26
TICK-50196, SILVERLINE SOLUTIONS ,AMELIA_JOHNSON@SILVERLINESOLUTIONS.COM,Medium,Open,Billing,2026-02-11 03:06:35,
TICK-50197,Skyline Systems,david_moore@skylinesystems.com,Urgent,Resolved,Feature Request,2026-04-14 20:54:17,2026-04-16 08:54:17
TICK-50198,BrightPath Systems Corp,sofia.wright@brightpathsystems.com,Low,Open,API Issue,2026-04-19 11:24:36,
TICK-50199,Greenfield Sys,mia_taylor@greenfieldsystems.com,Medium,Resolved,Data Sync,2026-03-05 23:04:47,2026-03-09 13:04:47
TICK-50200,IRONWOOD LABS,clewis@ironwoodlabs.com,Urgent,Open,Billing,2026-03-07 18:57:00,
TICK-50201,CedarPoint Data,,Low,Open,Access Request,2026-01-17 15:33:36,
TICK-50202,ironwood partners,staylor@ironwoodpartners.com,Low,Open,Billing,2026-03-21 14:08:02,
TICK-50203,NorthPeak Solutions Inc,isabellat@northpeaksolutions.com,Urgent,Closed,Data Sync,2025-10-11 10:41:51,2025-10-14 19:41:51
TICK-50204, Summit Technologies ,alexanderm@summittechnologies.com,High,Resolved,Login Issue,2025-10-09 22:20:00,2025-10-10 16:20:00
TICK-50205,SilverLine Health,dking@silverlinehealth.com,Medium,Resolved,Feature Request,2025-09-30 01:19:33,2025-10-03 13:19:33
TICK-50206,Everstone Networks,HENRY.WHITE@EVERSTONENETWORKS.COM,High,Resolved,Billing,2026-03-01 17:45:32,2026-03-05 01:45:32
TICK-50207,Ironwood Software,sofia.king@ironwoodsoftware.com,Medium,Pending,Access Request,2025-12-21 09:14:19,
TICK-50208,SUMMIT SOLUTIONS CORP,ballen@summitsolutions.com,High,Resolved,Feature Request,2025-11-19 18:44:00,2025-11-20 14:44:00
TICK-50209,BlueRiver Systems,dsmith@blueriversystems.com,Medium,Closed,Bug Report,2026-01-24 03:51:23,2026-01-28 04:51:23
TICK-50210,Nova Digital,mjackson@novadigital.com,Medium,Resolved,Login Issue,2025-08-29 16:54:15,2025-09-03 03:54:15
TICK-50211,Skyline Digital,oliviat@skylinedigital.com,Medium,Closed,Login Issue,2025-10-26 10:51:19,2025-10-31 17:51:19
TICK-50212, vertex technologies ,HMOORE@VERTEXTECHNOLOGIES.COM,Low,Closed,Data Sync,2025-11-12 05:31:47,2025-11-18 05:31:47
TICK-50213,VERTEX ANALYTICS,avery.scott@vertexanalytics.com,High,Resolved,Bug Report,2026-01-16 18:38:03,2026-01-18 08:38:03
TICK-50214,NOVA NETWORKS LLC,emma_lewis@novanetworks.com,High,Resolved,Bug Report,2026-01-08 16:54:25,2026-01-15 14:54:25
TICK-50215, Vertex Works ,ethan.smith@vertexworks.com,Low,Open,Integration,2025-10-27 07:07:12,
TICK-50216,BrightPath Systems Group,emma.lewis@brightpathsystems.com,Medium,Open,Data Sync,2026-01-20 18:44:39,
TICK-50217,Skyline Ops,chloe_clark@skylineops.com,Medium,Resolved,Bug Report,2025-11-26 00:48:50,2025-12-02 14:48:50
TICK-50218,Redwood Works,charlotte.anderson@redwoodworks.com,Medium,Resolved,Data Sync,2026-01-15 16:18:52,2026-01-20 08:18:52
TICK-50219,SilverLine Systems,ariac@silverlinesystems.com,High,Resolved,Feature Request,2026-02-17 09:25:46,2026-02-21 14:25:46
TICK-50220,SilverLine Cloud Corp,ellag@silverlinecloud.com,Medium,Closed,API Issue,2026-03-26 15:13:25,2026-03-31 01:13:25
TICK-50221,cedarpoint analytics,harper.hall@cedarpointanalytics.com,High,Closed,Integration,2026-01-21 23:25:30,2026-01-26 15:25:30
TICK-50222,CLOUDFORGE SOFTWARE,mnelson@cloudforgesoftware.com,Low,Pending,Billing,2026-02-01 11:04:34,
TICK-50223,ClearBridge Software Inc,miah@clearbridgesoftware.com,High,Pending,Bug Report,2025-09-15 05:16:08,
TICK-50224,NorthPeak Analytics,lucas_thomas@northpeakanalytics.com,Medium,Closed,Login Issue,2025-10-04 03:37:18,2025-10-05 21:37:18
TICK-50225,Skyline Health,liam_anderson@skylinehealth.com,Medium,Closed,Billing,2025-10-21 16:25:13,2025-10-22 18:25:13
TICK-50226, Ironwood Technologies ,alexanderb@ironwoodtechnologies.com,Urgent,Pending,Feature Request,2026-04-02 20:22:42,
TICK-50227,CLEARBRIDGE WORKS,henry_johnson@clearbridgeworks.com,Low,Pending,Integration,2025-09-26 23:52:18,
TICK-50228,NorthPeak Partners,luna.harris@northpeakpartners.com,Low,Pending,Billing,2025-12-22 19:38:01,
TICK-50229,NorthPeak Analytics,,Medium,Open,Feature Request,2026-01-20 13:41:24,
TICK-50230,Redwood Software,evelyna@redwoodsoftware.com,High,Resolved,Login Issue,2026-01-07 04:45:37,2026-01-13 03:45:37
TICK-50231,CLOUDFORGE DYNAMICS INC,oanderson@cloudforgedynamics.com,Urgent,Open,Access Request,2025-09-23 15:10:21,
TICK-50232, BrightPath Data Inc ,esmith@brightpathdata.com,High,Closed,Data Sync,2026-01-01 05:47:43,2026-01-02 10:47:43
TICK-50233,Apex Tech,evelyn_adams@apextechnologies.com,Low,Open,Integration,2026-03-19 07:19:25,
TICK-50234,ClearBridge Data Co,evelyn.adams@clearbridgedata.com,Medium,Closed,Bug Report,2025-10-20 14:45:21,2025-10-26 19:45:21
TICK-50235,SUMMIT LABS,snelson@summitlabs.com,High,Pending,Data Sync,2026-02-07 09:03:48,
TICK-50236,PrimeWave Health,miah@primewavehealth.com,Medium,Open,Bug Report,2026-02-14 21:57:56,
TICK-50237,Summit Data,,Medium,Pending,Access Request,2026-03-03 16:12:12,
TICK-50238, Skyline Ops ,michael.walker@skylineops.com,Urgent,Open,API Issue,2025-10-24 00:42:14,
TICK-50239,SilverLine Solutions Corp,noah_lewis@silverlinesolutions.com,Medium,Open,Access Request,2025-11-05 03:44:23,
TICK-50240,Skyline Dynamics,henry.baker@skylinedynamics.com,Medium,Closed,Access Request,2026-02-10 17:04:28,2026-02-12 11:04:28
TICK-50241,primewave cloud,charlotte_baker@primewavecloud.com,Medium,Resolved,Billing,2025-12-23 08:25:03,2025-12-27 00:25:03
TICK-50242,Summit Technologies,eadams@summittechnologies.com,High,Resolved,API Issue,2026-01-16 10:18:26,2026-01-18 17:18:26
TICK-50243,Apex Technologies,mason_martin@apextechnologies.com,Medium,Closed,Bug Report,2026-04-04 23:34:02,2026-04-07 11:34:02
TICK-50244, Greenfield Data ,ejackson@greenfielddata.com,High,Pending,Feature Request,2026-02-16 07:04:52,
TICK-50245,SilverLine Digital Inc,egreen@silverlinedigital.com,Medium,Resolved,Billing,2025-12-25 17:50:19,2025-12-31 12:50:19
TICK-50246,Greenfield Technologies Corp,isabella.johnson@greenfieldtechnologies.com,Medium,Open,Feature Request,2025-12-05 02:09:41,
TICK-50247,PrimeWave Works Inc,awhite@primewaveworks.com,Medium,Resolved,Data Sync,2025-12-09 23:16:04,2025-12-12 03:16:04
TICK-50248,Summit Works,ethan.scott@summitworks.com,Urgent,Pending,API Issue,2025-12-29 12:23:52,
TICK-50249,CloudForge Software,miac@cloudforgesoftware.com,Low,Resolved,Login Issue,2025-10-04 10:38:49,2025-10-07 00:38:49
TICK-50250, Vertex Dynamics LLC ,cmartin@vertexdynamics.com,Low,Open,Feature Request,2026-02-15 21:53:01,
TICK-50251, Apex Technologies ,noahy@apextechnologies.com,Low,Closed,Login Issue,2026-01-23 05:34:31,2026-01-27 12:34:31
TICK-50252,ironwood health,dmoore@ironwoodhealth.com,Medium,Resolved,Feature Request,2026-01-15 16:41:19,2026-01-17 12:41:19
TICK-50253,primewave solutions,elijahg@primewavesolutions.com,Low,Closed,Integration,2025-12-30 17:58:49,2026-01-03 23:58:49
TICK-50254,BrightPath Works,BENJAMINW@BRIGHTPATHWORKS.COM,Medium,Resolved,API Issue,2026-04-04 04:17:32,2026-04-07 10:17:32
TICK-50255,ClearBridge Systems,ethan_hall@clearbridgesystems.com,Medium,Resolved,Billing,2025-11-13 20:55:28,2025-11-18 01:55:28
TICK-50256,Greenfield Systems Inc,ava_white@greenfieldsystems.com,Medium,Closed,Billing,2025-09-14 03:52:23,2025-09-17 03:52:23
TICK-50257,Greenfield Tech,lucas_jackson@greenfieldtechnologies.com,Urgent,Closed,Access Request,2025-09-08 07:44:02,2025-09-11 14:44:02
TICK-50258, Nova Networks ,masonh@novanetworks.com,Medium,Open,Access Request,2025-08-31 07:16:27,
TICK-50259,Redwood Ops,liam.baker@redwoodops.com,Low,Closed,Access Request,2025-11-01 16:54:34,2025-11-07 21:54:34
TICK-50260,BrightPath Health,henry.martin@brightpathhealth.com,Medium,Closed,Feature Request,2025-09-11 20:50:06,2025-09-16 13:50:06
TICK-50261,summit digital corp,david_clark@summitdigital.com,Low,Resolved,Feature Request,2026-01-07 09:52:26,2026-01-13 15:52:26
TICK-50262,summit works,amelias@summitworks.com,Low,Resolved,Integration,2026-02-22 22:11:14,2026-02-28 18:11:14
TICK-50263,Velocity Data,camila.taylor@velocitydata.com,Medium,Open,Feature Request,2026-01-26 15:49:46,
TICK-50264,Velocity Technologies,davidm@velocitytechnologies.com,High,Resolved,Login Issue,2026-01-17 17:11:32,2026-01-22 00:11:32
TICK-50265, Everstone Dynamics LLC ,masonl@everstonedynamics.com,Low,Closed,Bug Report,2025-10-20 19:04:09,2025-10-24 03:04:09
TICK-50266,Skyline Ops,davidj@skylineops.com,Urgent,Resolved,Access Request,2025-10-10 22:17:59,2025-10-14 19:17:59
TICK-50267,PrimeWave Digital,samuel.lewis@primewavedigital.com,High,Open,Login Issue,2026-01-09 05:46:01,
TICK-50268,Vertex Digital Corp,mason.nelson@vertexdigital.com,Medium,Resolved,Billing,2025-12-01 15:50:45,2025-12-02 14:50:45
TICK-50269,Velocity Dynamics,abrown@velocitydynamics.com,Medium,Resolved,Access Request,2025-10-14 14:12:18,2025-10-14 23:12:18
TICK-50270, CloudForge Digital Corp ,alexander.walker@cloudforgedigital.com,High,Open,Billing,2025-10-27 22:28:56,
TICK-50271,NorthPeak Analytics LLC,henry_martin@northpeakanalytics.com,Medium,Pending,Data Sync,2025-11-04 16:15:30,
TICK-50272, ClearBridge Ops ,,Medium,Closed,Integration,2026-03-17 16:33:57,2026-03-21 16:33:57
TICK-50273,BlueRiver Networks,mwright@bluerivernetworks.com,Medium,Open,Billing,2025-10-11 17:28:52,
TICK-50274,VERTEX SOFTWARE INC,,Low,Open,Integration,2025-11-12 08:31:24,
TICK-50275,Nova Solutions,samuel_allen@novasolutions.com,Low,Open,Login Issue,2025-11-16 16:06:40,
TICK-50276,Nova Solutions Co,amelia_martin@novasolutions.com,Low,Closed,Feature Request,2026-03-13 02:40:09,2026-03-13 22:40:09
TICK-50277,Vertex Data Group,james_allen@vertexdata.com,Medium,Resolved,API Issue,2026-02-16 10:16:55,2026-02-18 21:16:55
TICK-50278,Apex Systems,david_jackson@apexsystems.com,Medium,Pending,API Issue,2025-09-10 05:55:31,
TICK-50279,Velocity Software,henry.harris@velocitysoftware.com,Medium,Open,Feature Request,2026-01-03 15:20:49,
TICK-50280, Apex Digital Group ,camilaj@apexdigital.com,Medium,Closed,Feature Request,2025-11-08 05:43:02,2025-11-13 19:43:02
TICK-50281,ClearBridge Dynamics,elijahn@clearbridgedynamics.com,Medium,Resolved,Bug Report,2026-02-21 10:09:55,2026-02-23 08:09:55
TICK-50282, BlueRiver Solutions ,chloe.scott@blueriversolutions.com,Medium,Resolved,Bug Report,2026-02-20 00:30:23,2026-02-21 15:30:23
TICK-50283,CloudForge Ops,emma_walker@cloudforgeops.com,High,Resolved,Bug Report,2026-04-03 02:37:45,2026-04-06 00:37:45
TICK-50284,PrimeWave Works,sophia_nelson@primewaveworks.com,Medium,Resolved,Bug Report,2026-03-26 17:52:54,2026-03-28 03:52:54
TICK-50285,Skyline Analytics,noahk@skylineanalytics.com,Medium,Closed,Bug Report,2026-01-10 00:54:58,2026-01-11 16:54:58
TICK-50286, SilverLine Digital LLC ,cmartin@silverlinedigital.com,High,Open,Access Request,2025-10-13 02:35:31,
TICK-50287,Skyline Cloud,mia_walker@skylinecloud.com,Medium,Open,Feature Request,2025-11-23 21:39:33,
TICK-50288,Apex Technologies,mhall@apextechnologies.com,Medium,Resolved,Integration,2025-09-02 18:39:48,2025-09-09 09:39:48
TICK-50289,VERTEX SOLUTIONS,sjohnson@vertexsolutions.com,Medium,Closed,Data Sync,2025-12-16 14:54:03,2025-12-20 17:54:03
TICK-50290,Ironwood Logic LLC,danielj@ironwoodlogic.com,Urgent,Pending,Feature Request,2026-02-11 14:05:26,
TICK-50291, Ironwood Software ,amelia.brown@ironwoodsoftware.com,Medium,Open,API Issue,2025-11-22 12:05:59,
TICK-50292,SilverLine Health,mia.scott@silverlinehealth.com,Low,Pending,Billing,2025-09-20 16:00:09,
TICK-50293, PrimeWave Solutions ,sjackson@primewavesolutions.com,Medium,Resolved,API Issue,2026-04-16 18:32:13,2026-04-17 13:32:13
TICK-50294,CloudForge Solutions,elewis@cloudforgesolutions.com,Medium,Resolved,Login Issue,2025-12-09 11:56:49,2025-12-09 18:56:49
TICK-50295,Skyline Systems,liam_brown@skylinesystems.com,Medium,Open,Feature Request,2025-11-30 03:06:27,
TICK-50296,PrimeWave Data Inc,chloe_young@primewavedata.com,Medium,Resolved,Data Sync,2026-04-07 00:00:21,2026-04-11 09:00:21
TICK-50297,greenfield technologies,henry.moore@greenfieldtechnologies.com,Medium,Open,API Issue,2026-01-17 20:00:02,
TICK-50298, NorthPeak Logic LLC ,henry_lewis@northpeaklogic.com,Medium,Closed,Billing,2025-11-21 22:02:15,2025-11-24 16:02:15
TICK-50299,Ironwood Cloud,olivias@ironwoodcloud.com,Urgent,Closed,API Issue,2026-02-22 08:31:32,2026-02-27 00:31:32
TICK-50300,ClearBridge Software,logan.smith@clearbridgesoftware.com,Medium,Open,Login Issue,2025-10-04 01:47:16,
TICK-50301,Apex Solutions,liam.baker@apexsolutions.com,High,Resolved,Integration,2026-03-03 01:33:51,2026-03-08 14:33:51
TICK-50302,Apex Partners LLC,,Medium,Pending,Bug Report,2026-04-22 07:15:49,
TICK-50303,Vertex Dynamics,liam_jackson@vertexdynamics.com,Medium,Closed,Feature Request,2025-08-25 22:51:45,2025-08-27 17:51:45
TICK-50304,Velocity Software,alexanderg@velocitysoftware.com,High,Resolved,Data Sync,2025-12-03 23:05:21,2025-12-09 21:05:21
TICK-50305,BrightPath Software,charlotte_allen@brightpathsoftware.com,Urgent,Pending,Access Request,2025-12-09 10:33:32,
TICK-50306,Greenfield Labs LLC,ella_walker@greenfieldlabs.com,Low,Resolved,Data Sync,2025-10-03 00:34:15,2025-10-08 11:34:15
TICK-50307,Skyline Dynamics,alexander.clark@skylinedynamics.com,Medium,Resolved,API Issue,2025-10-24 13:23:25,2025-10-24 22:23:25
TICK-50308,Vertex Labs Group,michael.brown@vertexlabs.com,Low,Resolved,Billing,2025-10-26 13:21:18,2025-11-01 22:21:18
TICK-50309, BrightPath Health ,jamesw@brightpathhealth.com,Urgent,Open,Login Issue,2026-02-24 17:33:22,
TICK-50310,CedarPoint Logic,evelyn_thomas@cedarpointlogic.com,Medium,Open,Bug Report,2026-04-21 07:51:34,
TICK-50311,Ironwood Digital,,Medium,Open,Data Sync,2026-03-13 16:42:51,
TICK-50312, PrimeWave Software Inc ,emoore@primewavesoftware.com,Low,Closed,Feature Request,2025-11-25 01:06:09,2025-11-28 10:06:09
TICK-50313,Velocity Works,luna.walker@velocityworks.com,Medium,Resolved,Data Sync,2025-12-27 23:43:54,2026-01-02 04:43:54
TICK-50314,velocity digital,liam_jackson@velocitydigital.com,Urgent,Open,Data Sync,2026-01-06 18:00:33,
TICK-50315, CedarPoint Analytics ,hjohnson@cedarpointanalytics.com,Urgent,Closed,Integration,2025-12-25 23:37:06,2026-01-01 02:37:06
TICK-50316,cedarpoint systems corp,ellaa@cedarpointsystems.com,High,Resolved,Bug Report,2025-11-03 20:04:49,2025-11-04 00:04:49
TICK-50317,Greenfield Partners,evelyn.walker@greenfieldpartners.com,Medium,Closed,Login Issue,2026-01-24 11:04:28,2026-01-30 20:04:28
TICK-50318,Vertex Digital,dharris@vertexdigital.com,Medium,Closed,Billing,2026-02-03 18:35:03,2026-02-10 07:35:03
TICK-50319,SilverLine Data,ava.walker@silverlinedata.com,High,Pending,Bug Report,2026-02-16 04:53:27,
TICK-50320,CloudForge Sol,benjamink@cloudforgesolutions.com,Medium,Resolved,Feature Request,2026-04-15 20:16:00,2026-04-21 05:16:00
TICK-50321,Summit Works,sophiaa@summitworks.com,Medium,Closed,Login Issue,2025-11-29 02:42:05,2025-11-29 09:42:05
TICK-50322,Greenfield Networks,masonb@greenfieldnetworks.com,High,Closed,Bug Report,2025-10-25 03:34:57,2025-10-25 05:34:57
TICK-50323,EVERSTONE ANALYTICS GROUP,hlewis@everstoneanalytics.com,Low,Closed,Integration,2026-01-11 02:09:11,2026-01-14 22:09:11
TICK-50324,Nova Solutions,michael.walker@novasolutions.com,Urgent,Open,Integration,2026-01-09 04:42:04,
TICK-50325,CedarPoint Analytics,MICHAELH@CEDARPOINTANALYTICS.COM,Medium,Resolved,Billing,2026-03-05 17:29:19,2026-03-10 16:29:19
TICK-50326,Everstone Digital,sophia.scott@everstonedigital.com,Medium,Open,Integration,2026-02-21 17:32:12,
TICK-50327,BrightPath Digital,liam.taylor@brightpathdigital.com,Urgent,Closed,Feature Request,2026-03-22 07:32:26,2026-03-25 12:32:26
TICK-50328, Greenfield Networks ,,Low,Pending,Login Issue,2026-03-07 05:56:59,
TICK-50329,Apex Health Co,ethomas@apexhealth.com,Medium,Closed,Bug Report,2025-12-06 08:05:56,2025-12-09 19:05:56
TICK-50330, Skyline Analytics ,davids@skylineanalytics.com,Low,Open,Access Request,2025-12-19 06:54:30,
TICK-50331, CedarPoint Logic ,sjackson@cedarpointlogic.com,Medium,Closed,Billing,2026-02-23 23:03:16,2026-02-28 08:03:16
TICK-50332,Velocity Software,ANELSON@VELOCITYSOFTWARE.COM,Low,Resolved,Integration,2025-11-18 13:22:48,2025-11-19 23:22:48
TICK-50333,redwood health,iclark@redwoodhealth.com,Medium,Open,Access Request,2026-01-23 14:06:42,
TICK-50334,BrightPath Health,cadams@brightpathhealth.com,Low,Resolved,Login Issue,2025-10-09 05:49:38,2025-10-11 07:49:38
TICK-50335, Velocity Dynamics ,benjamin.jackson@velocitydynamics.com,High,Open,Login Issue,2026-01-26 00:37:25,
TICK-50336,CloudForge Technologies,lhall@cloudforgetechnologies.com,Medium,Closed,Billing,2025-12-29 23:50:16,2026-01-03 01:50:16
TICK-50337,IRONWOOD LABS CO,emma_smith@ironwoodlabs.com,Medium,Resolved,Access Request,2025-08-26 22:04:30,2025-08-28 16:04:30
TICK-50338,Ironwood Cloud,evelyna@ironwoodcloud.com,Medium,Resolved,API Issue,2025-12-21 11:34:00,2025-12-26 08:34:00
TICK-50339, Apex Cloud ,chloe.adams@apexcloud.com,Medium,Resolved,Integration,2025-12-07 16:29:50,2025-12-13 07:29:50
TICK-50340,Everstone Labs,HARPER_GREEN@EVERSTONELABS.COM,Low,Closed,Login Issue,2026-03-29 15:29:03,2026-04-04 20:29:03
TICK-50341,Velocity Technologies,chloea@velocitytechnologies.com,High,Resolved,Feature Request,2025-12-22 16:51:20,2025-12-27 06:51:20
TICK-50342, CloudForge Logic ,masonk@cloudforgelogic.com,Medium,Pending,Data Sync,2026-01-03 06:42:15,
TICK-50343, summit systems ,aadams@summitsystems.com,Medium,Open,Access Request,2025-09-22 22:17:45,
TICK-50344,Vertex Dynamics,mason.scott@vertexdynamics.com,Low,Pending,Billing,2025-10-01 00:54:08,
TICK-50345,Ironwood Tech,sbrown@ironwoodtechnologies.com,Low,Closed,Billing,2025-11-17 18:11:09,2025-11-21 08:11:09
TICK-50346, BrightPath Tech LLC ,amelia.martin@brightpathtechnologies.com,High,Open,Integration,2025-12-10 15:10:04,
TICK-50347, Everstone Ops ,lucas.adams@everstoneops.com,Low,Closed,API Issue,2025-12-20 01:59:35,2025-12-24 17:59:35
TICK-50348,Skyline Cloud,swalker@skylinecloud.com,Urgent,Open,Feature Request,2025-09-23 03:58:22,
TICK-50349,Skyline Ops,benjamin_hall@skylineops.com,Low,Closed,Bug Report,2025-10-25 20:37:33,2025-11-01 06:37:33
TICK-50350, Nova Partners ,eadams@novapartners.com,High,Resolved,API Issue,2026-03-21 16:18:45,2026-03-22 17:18:45
TICK-50351,BlueRiver Ops,danderson@blueriverops.com,Medium,Open,Feature Request,2026-03-14 21:15:47,
TICK-50352, BlueRiver Works ,lallen@blueriverworks.com,Low,Closed,Feature Request,2025-10-17 14:52:01,2025-10-18 03:52:01
TICK-50353,SilverLine Systems,noah.smith@silverlinesystems.com,Medium,Resolved,Login Issue,2025-10-28 16:05:02,2025-11-01 08:05:02
TICK-50354, Everstone Analytics ,averyk@everstoneanalytics.com,Urgent,Resolved,Bug Report,2025-11-07 16:26:23,2025-11-08 19:26:23
TICK-50355,Apex Logic,mking@apexlogic.com,Medium,Pending,Billing,2025-12-17 04:30:03,
TICK-50356,everstone digital co,,Medium,Resolved,API Issue,2026-01-20 02:15:51,2026-01-25 13:15:51
TICK-50357,PrimeWave Technologies,camilaa@primewavetechnologies.com,Medium,Resolved,Billing,2026-01-19 10:11:40,2026-01-22 00:11:40
TICK-50358,CedarPoint Partners,benjamin_martin@cedarpointpartners.com,High,Open,API Issue,2026-02-24 04:08:40,
TICK-50359,Nova Dynamics,emma_taylor@novadynamics.com,Medium,Open,Access Request,2025-09-19 18:53:49,
TICK-50360,NorthPeak Dynamics,evelyn.young@northpeakdynamics.com,Medium,Resolved,Bug Report,2025-11-30 10:34:09,2025-12-04 12:34:09
TICK-50361,nova digital,mwalker@novadigital.com,High,Open,Bug Report,2025-12-19 07:17:14,
TICK-50362,BrightPath Data,ella.white@brightpathdata.com,High,Open,Login Issue,2026-01-24 03:31:51,
TICK-50363,Velocity Software,logan.white@velocitysoftware.com,Urgent,Pending,Access Request,2026-01-19 05:59:59,
TICK-50364,Redwood Health LLC,liam.white@redwoodhealth.com,Medium,Resolved,Login Issue,2025-09-18 15:04:47,2025-09-22 08:04:47
TICK-50365,Vertex Technologies,mia_taylor@vertextechnologies.com,Low,Closed,Integration,2025-11-19 21:38:18,2025-11-21 01:38:18
TICK-50366,BrightPath Cloud,liam.walker@brightpathcloud.com,Medium,Resolved,Data Sync,2026-01-30 00:24:01,2026-02-01 11:24:01
TICK-50367,SilverLine Technologies,AJOHNSON@SILVERLINETECHNOLOGIES.COM,Medium,Resolved,Billing,2026-03-28 07:42:56,2026-04-02 23:42:56
TICK-50368,CloudForge Dynamics,henryj@cloudforgedynamics.com,Medium,Pending,Feature Request,2026-01-19 06:11:10,
TICK-50369,BrightPath Cloud Group,oliviat@brightpathcloud.com,Low,Open,API Issue,2025-09-17 05:39:54,
TICK-50370,Summit Labs Co,olivia_martin@summitlabs.com,Medium,Resolved,Billing,2026-04-18 07:12:16,2026-04-19 22:12:16
TICK-50371, Everstone Ops ,mason_allen@everstoneops.com,Urgent,Closed,Integration,2025-09-02 23:40:53,2025-09-06 15:40:53
TICK-50372, Everstone Partners ,michael.lewis@everstonepartners.com,High,Closed,Bug Report,2026-03-15 18:43:14,2026-03-19 16:43:14
TICK-50373,northpeak networks,lyoung@northpeaknetworks.com,Medium,Open,Bug Report,2026-01-10 21:49:51,
TICK-50374,ClearBridge Works,charlotte.king@clearbridgeworks.com,Medium,Open,Data Sync,2025-09-10 09:35:28,
TICK-50375,CloudForge Logic,ella.scott@cloudforgelogic.com,High,Pending,Bug Report,2025-11-16 01:11:43,
TICK-50376,SilverLine Ops Group,noah_adams@silverlineops.com,Medium,Open,Bug Report,2026-04-05 16:27:40,
TICK-50377,Skyline Analytics,miay@skylineanalytics.com,High,Closed,Bug Report,2026-04-17 13:25:05,2026-04-22 11:25:05
TICK-50378,BlueRiver Solutions,sthomas@blueriversolutions.com,Urgent,Closed,Access Request,2025-11-09 05:59:33,2025-11-11 07:59:33
TICK-50379,Greenfield Labs,camila_johnson@greenfieldlabs.com,Urgent,Resolved,Integration,2026-01-27 07:08:56,2026-02-01 06:08:56
TICK-50380, SilverLine Health ,noah.white@silverlinehealth.com,Medium,Resolved,API Issue,2025-10-18 12:42:23,2025-10-24 13:42:23
TICK-50381,PrimeWave Technologies,lucasw@primewavetechnologies.com,High,Closed,Login Issue,2026-04-12 01:33:00,2026-04-17 22:33:00
TICK-50382,BrightPath Ops,ethanw@brightpathops.com,Medium,Closed,Bug Report,2025-10-21 07:45:50,2025-10-27 00:45:50
TICK-50383,CEDARPOINT PARTNERS,,High,Closed,Data Sync,2025-09-10 11:38:38,2025-09-12 07:38:38
TICK-50384, redwood systems inc ,evelyns@redwoodsystems.com,Low,Open,Feature Request,2025-11-12 04:54:05,
TICK-50385,BlueRiver Ops Co,evelyn_wright@blueriverops.com,Medium,Resolved,API Issue,2026-02-17 17:07:12,2026-02-19 16:07:12
TICK-50386,Everstone Partners,cbaker@everstonepartners.com,Urgent,Closed,API Issue,2026-02-16 02:47:42,2026-02-20 11:47:42
TICK-50387,cloudforge cloud,chloe_johnson@cloudforgecloud.com,Urgent,Open,Feature Request,2026-04-16 10:44:37,
TICK-50388, Vertex Solutions LLC ,david_taylor@vertexsolutions.com,Medium,Open,Feature Request,2025-10-31 05:43:46,
TICK-50389,Redwood Software,sofia.lewis@redwoodsoftware.com,Medium,Resolved,Billing,2026-02-23 09:06:58,2026-03-01 13:06:58
TICK-50390,ClearBridge Digital LLC,liam_taylor@clearbridgedigital.com,Urgent,Pending,Access Request,2026-01-26 08:43:49,
TICK-50391,brightpath technologies,harper.brown@brightpathtechnologies.com,Medium,Open,Data Sync,2026-03-13 02:43:37,
TICK-50392, Redwood Logic ,avery_martin@redwoodlogic.com,Medium,Resolved,Feature Request,2026-04-05 01:50:57,2026-04-10 08:50:57
TICK-50393,Velocity Cloud Corp,henry_adams@velocitycloud.com,High,Closed,API Issue,2026-04-05 00:58:08,2026-04-05 07:58:08
TICK-50394,PrimeWave Cloud,lbrown@primewavecloud.com,Medium,Closed,Access Request,2026-01-14 12:25:44,2026-01-18 14:25:44
TICK-50395,CLOUDFORGE SYSTEMS,oyoung@cloudforgesystems.com,High,Resolved,Bug Report,2025-12-06 14:42:18,2025-12-08 06:42:18
TICK-50396,BlueRiver Technologies,isabella.king@bluerivertechnologies.com,High,Resolved,Data Sync,2026-02-08 17:06:20,2026-02-14 13:06:20
TICK-50397,cedarpoint systems,igreen@cedarpointsystems.com,Medium,Resolved,Access Request,2026-04-15 01:25:10,2026-04-17 19:25:10
TICK-50398,Apex Logic,mclark@apexlogic.com,Medium,Resolved,Data Sync,2025-09-08 15:15:12,2025-09-13 09:15:12
TICK-50399,silverline technologies,aria_allen@silverlinetechnologies.com,Medium,Closed,Integration,2025-09-25 00:30:53,2025-09-25 18:30:53
TICK-50400, EVERSTONE DYNAMICS ,ethan.baker@everstonedynamics.com,Medium,Closed,Data Sync,2025-09-09 13:26:26,2025-09-15 07:26:26
TICK-50401,Redwood Analytics Co,liam.johnson@redwoodanalytics.com,Medium,Resolved,API Issue,2026-01-01 14:53:42,2026-01-07 17:53:42
TICK-50402,Greenfield Logic,mgreen@greenfieldlogic.com,Urgent,Pending,Login Issue,2026-04-20 04:07:18,
TICK-50403, NorthPeak Networks ,miab@northpeaknetworks.com,Low,Open,Integration,2026-01-29 23:31:46,
TICK-50404, Velocity Data Corp ,etaylor@velocitydata.com,Urgent,Pending,Feature Request,2025-11-20 01:17:19,
TICK-50405,NorthPeak Logic Group,henryb@northpeaklogic.com,Low,Pending,Access Request,2026-04-19 14:06:27,
TICK-50406,BlueRiver Data Co,evelyny@blueriverdata.com,Medium,Open,Login Issue,2026-03-01 19:06:24,
TICK-50407,Summit Labs Corp,benjamin_walker@summitlabs.com,Low,Pending,Login Issue,2025-11-01 02:48:19,
TICK-50408,Skyline Partners,sofia_thomas@skylinepartners.com,High,Open,Billing,2025-09-28 13:45:14,
TICK-50409,SilverLine Works,slewis@silverlineworks.com,Medium,Open,Data Sync,2026-01-12 22:13:01,
TICK-50410,Everstone Labs,cthomas@everstonelabs.com,Urgent,Resolved,Feature Request,2026-02-16 09:49:42,2026-02-19 10:49:42
TICK-50411, Skyline Sys ,james.white@skylinesystems.com,High,Pending,Feature Request,2026-04-21 01:11:25,
TICK-50412,NorthPeak Labs,omartin@northpeaklabs.com,Medium,Resolved,Integration,2025-11-22 21:21:25,2025-11-25 10:21:25
TICK-50413,clearbridge analytics,sophiaw@clearbridgeanalytics.com,High,Resolved,Integration,2026-02-07 01:13:46,2026-02-09 01:13:46
TICK-50414,NorthPeak Systems,ISABELLA_GREEN@NORTHPEAKSYSTEMS.COM,Urgent,Closed,Integration,2026-02-16 02:36:07,2026-02-20 20:36:07
TICK-50415,NOVA NETWORKS,james.moore@novanetworks.com,High,Closed,Integration,2026-03-24 18:06:15,2026-03-25 23:06:15
TICK-50416,Ironwood Ops,aria.clark@ironwoodops.com,Medium,Resolved,Bug Report,2025-12-05 15:14:00,2025-12-07 21:14:00
TICK-50417,Everstone Systems LLC,samuel_anderson@everstonesystems.com,High,Resolved,Integration,2026-01-13 18:43:47,2026-01-16 16:43:47
TICK-50418,Summit Software Corp,harper_adams@summitsoftware.com,High,Pending,API Issue,2025-10-04 10:36:59,
TICK-50419,Greenfield Systems,lwright@greenfieldsystems.com,Medium,Open,API Issue,2025-12-30 06:27:53,
TICK-50420,blueriver technologies,eadams@bluerivertechnologies.com,Medium,Pending,Access Request,2025-10-29 10:03:55,
TICK-50421,SilverLine Data,masonj@silverlinedata.com,High,Closed,Access Request,2025-10-27 11:26:31,2025-10-30 15:26:31
TICK-50422,BrightPath Health,olivia.thomas@brightpathhealth.com,High,Resolved,API Issue,2025-11-06 06:37:51,2025-11-11 00:37:51
TICK-50423, Ironwood Health ,,Low,Closed,Integration,2026-03-30 13:25:31,2026-04-05 03:25:31
TICK-50424,Nova Networks,henry_scott@novanetworks.com,Medium,Closed,API Issue,2025-09-09 08:34:03,2025-09-12 05:34:03
TICK-50425,BlueRiver Technologies,,Medium,Pending,Access Request,2026-03-21 12:02:32,
TICK-50426,Greenfield Data Group,,Low,Closed,Integration,2026-01-07 10:48:12,2026-01-09 05:48:12
TICK-50427,Nova Solutions,esmith@novasolutions.com,Medium,Resolved,API Issue,2025-12-11 09:07:18,2025-12-16 21:07:18
TICK-50428,velocity technologies inc,amelia_taylor@velocitytechnologies.com,Low,Open,API Issue,2025-10-23 16:20:20,
TICK-50429,CedarPoint Logic,averya@cedarpointlogic.com,Medium,Resolved,Data Sync,2025-10-11 16:58:37,2025-10-12 02:58:37
TICK-50430, Redwood Analytics ,abaker@redwoodanalytics.com,Medium,Open,Data Sync,2026-01-03 17:33:53,
TICK-50431,CedarPoint Partners,alexanderj@cedarpointpartners.com,Urgent,Open,Data Sync,2026-03-17 13:13:16,
TICK-50432,PrimeWave Dynamics Corp,sofia_anderson@primewavedynamics.com,Medium,Closed,Bug Report,2025-08-26 05:05:56,2025-08-28 13:05:56
TICK-50433,Summit Data Corp,noah.jackson@summitdata.com,Medium,Open,Billing,2025-10-15 08:22:31,
TICK-50434,primewave labs llc,MIA_WALKER@PRIMEWAVELABS.COM,Urgent,Resolved,API Issue,2026-04-15 09:17:07,2026-04-20 04:17:07
TICK-50435,Velocity Dynamics,ISMITH@VELOCITYDYNAMICS.COM,Medium,Pending,Bug Report,2025-08-28 16:12:18,
TICK-50436, Summit Cloud Corp ,sofiac@summitcloud.com,Low,Pending,Billing,2025-09-19 22:19:32,
TICK-50437,CloudForge Solutions,,Low,Closed,API Issue,2025-10-10 18:10:02,2025-10-16 07:10:02
TICK-50438, NorthPeak Systems ,ava.young@northpeaksystems.com,Medium,Open,Integration,2026-03-14 05:39:20,
TICK-50439,CloudForge Ops,mason_smith@cloudforgeops.com,Low,Resolved,Data Sync,2025-09-11 05:14:47,2025-09-12 09:14:47
TICK-50440,Nova Networks,noah_wright@novanetworks.com,Low,Resolved,Billing,2025-10-09 02:03:13,2025-10-09 10:03:13
TICK-50441, CLEARBRIDGE SYSTEMS ,david_thomas@clearbridgesystems.com,Low,Closed,Access Request,2025-11-11 00:03:51,2025-11-13 05:03:51
TICK-50442,NORTHPEAK LOGIC,logan_lewis@northpeaklogic.com,High,Open,Login Issue,2025-09-07 04:37:42,
TICK-50443,Ironwood Labs Group,cwright@ironwoodlabs.com,Medium,Open,Login Issue,2025-09-09 05:42:43,
TICK-50444,PrimeWave Digital,liamw@primewavedigital.com,Low,Open,Access Request,2025-10-31 13:51:29,
TICK-50445,SilverLine Solutions,michaels@silverlinesolutions.com,Medium,Resolved,API Issue,2026-02-12 05:30:58,2026-02-16 17:30:58
TICK-50446,Summit Data Co,isabella.wright@summitdata.com,Medium,Resolved,Access Request,2025-12-28 21:48:50,2025-12-31 04:48:50
TICK-50447,CedarPoint Ops,csmith@cedarpointops.com,Urgent,Open,Login Issue,2025-10-31 08:20:11,
TICK-50448,BlueRiver Tech Group,avery.anderson@bluerivertechnologies.com,High,Resolved,Login Issue,2026-01-16 04:25:15,2026-01-22 19:25:15
TICK-50449,Nova Cloud,james.thomas@novacloud.com,Medium,Closed,Billing,2026-01-27 16:32:34,2026-01-30 23:32:34
TICK-50450, CedarPoint Ops ,noah.jackson@cedarpointops.com,Medium,Open,Login Issue,2025-10-31 18:05:38,
TICK-50451,Ironwood Digital,logan_thomas@ironwooddigital.com,Medium,Closed,Bug Report,2026-03-12 03:29:42,2026-03-18 12:29:42
TICK-50452,CloudForge Logic,elijah.jackson@cloudforgelogic.com,High,Pending,Integration,2026-04-11 09:58:49,
TICK-50453,ClearBridge Systems,aria_wright@clearbridgesystems.com,Medium,Pending,Bug Report,2026-01-19 07:04:42,
TICK-50454, Redwood Health Co ,averyy@redwoodhealth.com,High,Open,Data Sync,2026-02-08 11:01:15,
TICK-50455, Velocity Solutions ,daniel_jackson@velocitysolutions.com,High,Resolved,Access Request,2026-03-24 11:09:35,2026-03-24 13:09:35
TICK-50456,Velocity Partners,noah.scott@velocitypartners.com,Urgent,Open,API Issue,2026-04-06 07:57:33,
TICK-50457,clearbridge dynamics,benjamin_allen@clearbridgedynamics.com,High,Open,Billing,2026-01-30 22:37:48,
TICK-50458,PrimeWave Labs,callen@primewavelabs.com,Medium,Closed,Login Issue,2026-01-12 15:58:05,2026-01-15 16:58:05
TICK-50459,VELOCITY SOFTWARE,jamesa@velocitysoftware.com,High,Closed,API Issue,2026-03-01 19:01:05,2026-03-02 13:01:05
TICK-50460,Apex Health,logan.walker@apexhealth.com,Medium,Open,Integration,2025-12-09 04:07:42,
TICK-50461,Summit Logic,avery_white@summitlogic.com,Low,Pending,API Issue,2026-04-08 16:03:49,
TICK-50462, CedarPoint Sys ,sclark@cedarpointsystems.com,High,Resolved,Data Sync,2026-04-15 09:40:14,2026-04-16 01:40:14
TICK-50463,VERTEX DYNAMICS,cadams@vertexdynamics.com,Medium,Pending,API Issue,2026-02-05 07:54:06,
TICK-50464,Greenfield Technologies,harpers@greenfieldtechnologies.com,Medium,Closed,Feature Request,2026-03-19 16:49:29,2026-03-22 10:49:29
TICK-50465, ClearBridge Partners ,charlotte_harris@clearbridgepartners.com,Urgent,Open,Integration,2025-12-05 12:48:51,
TICK-50466,Redwood Solutions,jamesm@redwoodsolutions.com,Low,Open,Feature Request,2026-04-19 02:14:28,
TICK-50467,Velocity Partners Co,emma_johnson@velocitypartners.com,High,Pending,Bug Report,2026-04-18 22:47:13,
TICK-50468,Vertex Logic,olivia.lewis@vertexlogic.com,Medium,Closed,Data Sync,2025-10-16 21:41:07,2025-10-23 11:41:07
TICK-50469,SKYLINE WORKS,ava_taylor@skylineworks.com,High,Closed,Feature Request,2025-08-28 02:36:50,2025-09-02 21:36:50
TICK-50470, NorthPeak Works ,avery_anderson@northpeakworks.com,Medium,Closed,Access Request,2025-08-31 00:31:31,2025-09-02 23:31:31
TICK-50471,NorthPeak Networks,michael.king@northpeaknetworks.com,High,Resolved,Integration,2025-11-22 06:28:04,2025-11-28 14:28:04
TICK-50472,redwood systems,logan.smith@redwoodsystems.com,High,Closed,Login Issue,2025-12-29 16:15:45,2026-01-02 14:15:45
TICK-50473,BlueRiver Networks,avery_white@bluerivernetworks.com,Medium,Open,API Issue,2025-11-08 21:35:10,
TICK-50474,IRONWOOD TECHNOLOGIES,mbaker@ironwoodtechnologies.com,Urgent,Open,Billing,2025-10-30 15:29:34,
TICK-50475,Everstone Cloud,llewis@everstonecloud.com,Low,Resolved,Login Issue,2025-12-31 11:37:35,2026-01-02 14:37:35
TICK-50476,Redwood Digital,averya@redwooddigital.com,Medium,Resolved,Billing,2025-09-21 13:51:23,2025-09-25 20:51:23
TICK-50477,Summit Systems Co,oallen@summitsystems.com,High,Closed,Data Sync,2025-11-15 09:23:57,2025-11-19 07:23:57
TICK-50478,Summit Cloud,lucas.adams@summitcloud.com,Medium,Resolved,Integration,2026-04-03 06:46:33,2026-04-09 14:46:33
TICK-50479,Nova Analytics Group,michaela@novaanalytics.com,Low,Closed,Login Issue,2025-09-29 12:10:02,2025-10-05 23:10:02
TICK-50480,Summit Works,awright@summitworks.com,High,Resolved,Billing,2026-03-27 05:12:21,2026-03-31 11:12:21
TICK-50481,Summit Solutions,ava.johnson@summitsolutions.com,Medium,Open,Access Request,2025-11-23 01:30:52,
TICK-50482,Vertex Solutions,mwhite@vertexsolutions.com,Medium,Open,Login Issue,2026-01-22 17:32:17,
TICK-50483,SKYLINE SOLUTIONS,lwalker@skylinesolutions.com,High,Closed,Billing,2026-03-11 22:14:33,2026-03-17 03:14:33
TICK-50484, SilverLine Systems ,ellaj@silverlinesystems.com,High,Closed,Data Sync,2026-01-29 17:43:09,2026-01-29 19:43:09
TICK-50485,BRIGHTPATH SOLUTIONS,davidc@brightpathsolutions.com,Medium,Open,Data Sync,2025-09-30 11:20:12,
TICK-50486,Vertex Analytics Corp,samuel.smith@vertexanalytics.com,Medium,Pending,API Issue,2026-04-12 10:34:59,
TICK-50487,SilverLine Analytics,daniel_king@silverlineanalytics.com,Low,Resolved,Billing,2026-04-18 10:36:21,2026-04-18 15:36:21
TICK-50488,CloudForge Technologies,ARIA_BROWN@CLOUDFORGETECHNOLOGIES.COM,Medium,Resolved,API Issue,2026-04-12 09:28:13,2026-04-16 07:28:13
TICK-50489,Redwood Analytics,mia.king@redwoodanalytics.com,Urgent,Pending,Login Issue,2025-08-31 10:31:20,
TICK-50490,SilverLine Systems Group,jamesa@silverlinesystems.com,Medium,Resolved,API Issue,2026-03-02 17:33:30,2026-03-03 18:33:30
TICK-50491,ClearBridge Partners,lucas_scott@clearbridgepartners.com,Medium,Open,API Issue,2025-12-07 03:24:17,
TICK-50492, cloudforge systems ,ISABELLA_CLARK@CLOUDFORGESYSTEMS.COM,Medium,Pending,Billing,2026-03-28 17:03:27,
TICK-50493, Nova Data ,emma_brown@novadata.com,High,Open,API Issue,2026-04-05 20:31:01,
TICK-50494,Redwood Systems Group,,Medium,Closed,Login Issue,2025-10-28 00:25:43,2025-11-03 14:25:43
TICK-50495,brightpath cloud,ella_johnson@brightpathcloud.com,Low,Open,API Issue,2026-02-04 17:19:42,
TICK-50496,SILVERLINE CLOUD,ethan_thomas@silverlinecloud.com,Low,Closed,Billing,2025-10-07 03:27:49,2025-10-08 03:27:49
TICK-50497,SilverLine Cloud,,Medium,Closed,Feature Request,2025-09-22 06:13:44,2025-09-28 15:13:44
TICK-50498,Summit Logic Corp,lucas_wright@summitlogic.com,High,Pending,Login Issue,2025-12-17 12:52:03,
TICK-50499,Summit Cloud,evelyn.white@summitcloud.com,Medium,Closed,API Issue,2026-03-13 14:39:13,2026-03-18 17:39:13
TICK-50500, Greenfield Data LLC ,ellah@greenfielddata.com,High,Closed,Access Request,2026-02-23 14:11:24,2026-02-25 22:11:24
TICK-50501,Velocity Digital,cking@velocitydigital.com,Medium,Resolved,API Issue,2026-04-11 04:48:03,2026-04-13 22:48:03
TICK-50502,CedarPoint Ops,emma_hall@cedarpointops.com,Medium,Pending,Billing,2025-09-13 03:41:03,
TICK-50503,summit analytics,ethan.taylor@summitanalytics.com,Low,Resolved,Data Sync,2025-09-07 22:36:51,2025-09-11 13:36:51
TICK-50504, Apex Health ,lucash@apexhealth.com,Urgent,Closed,Feature Request,2026-04-16 03:33:21,2026-04-16 09:33:21
TICK-50505,BRIGHTPATH SOLUTIONS,mbaker@brightpathsolutions.com,High,Resolved,Billing,2025-09-27 00:39:54,2025-09-27 02:39:54
TICK-50506,PrimeWave Health,bnelson@primewavehealth.com,Medium,Open,Billing,2025-12-27 19:36:15,
TICK-50507, Everstone Dynamics ,james.hall@everstonedynamics.com,Low,Closed,Data Sync,2025-10-03 12:38:55,2025-10-05 14:38:55
TICK-50508,SilverLine Ops,,High,Closed,Login Issue,2025-11-17 17:00:16,2025-11-17 22:00:16
TICK-50509,BlueRiver Analytics Group,sophiam@blueriveranalytics.com,Low,Pending,Feature Request,2026-03-24 12:28:40,
TICK-50510,SilverLine Analytics,camila.allen@silverlineanalytics.com,Medium,Open,Billing,2025-09-22 04:11:33,
TICK-50511,SilverLine Technologies,ladams@silverlinetechnologies.com,Medium,Closed,Billing,2025-11-27 13:47:16,2025-12-02 23:47:16
TICK-50512,Vertex Data,alexander.harris@vertexdata.com,Low,Resolved,Login Issue,2026-03-04 07:56:48,2026-03-06 01:56:48
TICK-50513,silverline systems,egreen@silverlinesystems.com,High,Pending,Billing,2026-03-22 09:00:27,
TICK-50514,Everstone Works,sofia.martin@everstoneworks.com,Medium,Closed,Access Request,2026-02-05 12:37:05,2026-02-06 01:37:05
TICK-50515,SilverLine Data,isabellab@silverlinedata.com,High,Resolved,API Issue,2025-10-17 13:56:44,2025-10-17 16:56:44
TICK-50516,IRONWOOD LOGIC,lwhite@ironwoodlogic.com,Medium,Resolved,Feature Request,2025-10-31 03:20:17,2025-11-06 12:20:17
TICK-50517,SilverLine Health,aria.hall@silverlinehealth.com,Low,Open,Integration,2025-11-06 04:14:38,
TICK-50518,Skyline Dynamics Group,ameliab@skylinedynamics.com,High,Open,Data Sync,2025-10-30 01:46:03,
TICK-50519,Skyline Cloud,mian@skylinecloud.com,High,Pending,Feature Request,2026-03-21 17:05:04,
TICK-50520, BlueRiver Technologies ,benjamin_brown@bluerivertechnologies.com,High,Resolved,Login Issue,2026-02-27 15:51:12,2026-03-06 03:51:12
TICK-50521,Redwood Digital,samuel.thomas@redwooddigital.com,Low,Open,Bug Report,2025-10-18 08:46:58,
TICK-50522, Ironwood Logic ,lgreen@ironwoodlogic.com,High,Pending,Billing,2025-12-11 11:21:36,
TICK-50523,BrightPath Ops,jsmith@brightpathops.com,Urgent,Resolved,Login Issue,2025-10-13 20:57:03,2025-10-14 01:57:03
TICK-50524, CLOUDFORGE DYNAMICS ,james.young@cloudforgedynamics.com,Medium,Resolved,Access Request,2026-01-17 13:32:39,2026-01-18 01:32:39
TICK-50525, CloudForge Networks LLC ,sscott@cloudforgenetworks.com,Low,Pending,Bug Report,2026-02-20 05:20:59,
TICK-50526,NOVA PARTNERS,awright@novapartners.com,Low,Open,Login Issue,2026-04-18 21:39:10,
TICK-50527,BrightPath Works,emma_clark@brightpathworks.com,Medium,Resolved,Data Sync,2025-10-10 18:13:19,2025-10-10 23:13:19
TICK-50528,Greenfield Labs,ella.clark@greenfieldlabs.com,High,Resolved,Integration,2025-09-27 09:33:53,2025-10-01 15:33:53
TICK-50529,vertex solutions,ava_white@vertexsolutions.com,Medium,Resolved,Data Sync,2025-11-21 00:07:03,2025-11-24 18:07:03
TICK-50530, BrightPath Technologies ,ejackson@brightpathtechnologies.com,High,Closed,Login Issue,2025-10-18 02:39:44,2025-10-21 19:39:44
TICK-50531,Skyline Labs,masonn@skylinelabs.com,High,Open,Bug Report,2026-01-31 00:20:56,
TICK-50532,SilverLine Systems Inc,eking@silverlinesystems.com,Medium,Closed,Data Sync,2025-11-06 05:21:57,2025-11-06 21:21:57
TICK-50533,Greenfield Systems,ella_hall@greenfieldsystems.com,Medium,Closed,Feature Request,2026-01-17 22:13:29,2026-01-20 20:13:29
TICK-50534,BrightPath Works,ella_wright@brightpathworks.com,Urgent,Closed,API Issue,2026-01-12 17:36:45,2026-01-17 10:36:45
TICK-50535,PrimeWave Health,ella.johnson@primewavehealth.com,Medium,Pending,Feature Request,2025-11-02 12:06:47,
TICK-50536,CedarPoint Software Co,chall@cedarpointsoftware.com,Medium,Pending,Bug Report,2026-04-06 07:38:43,
TICK-50537,BLUERIVER OPS,emartin@blueriverops.com,Medium,Resolved,Access Request,2025-12-06 13:25:52,2025-12-12 20:25:52
TICK-50538,CedarPoint Cloud,noah.king@cedarpointcloud.com,Urgent,Closed,Bug Report,2025-10-05 05:15:24,2025-10-05 11:15:24
TICK-50539,PrimeWave Digital,lnelson@primewavedigital.com,Medium,Open,API Issue,2025-10-25 11:30:12,
TICK-50540,Summit Works,anelson@summitworks.com,Low,Resolved,Billing,2025-09-04 13:31:53,2025-09-09 00:31:53
TICK-50541,SUMMIT WORKS,sofia_anderson@summitworks.com,Low,Closed,API Issue,2025-09-12 20:18:24,2025-09-19 15:18:24
TICK-50542,Summit Software Inc,harper_harris@summitsoftware.com,Medium,Open,Data Sync,2025-10-14 10:50:39,
TICK-50543,Greenfield Partners,liam.moore@greenfieldpartners.com,Low,Resolved,Access Request,2025-09-28 11:01:42,2025-09-30 07:01:42
TICK-50544, PrimeWave Ops ,ellas@primewaveops.com,Medium,Open,Integration,2026-01-06 07:36:18,
TICK-50545,SilverLine Health,isabella_clark@silverlinehealth.com,Medium,Resolved,Billing,2026-04-17 01:34:41,2026-04-17 03:34:41
TICK-50546,Velocity Software Group,,Low,Open,Billing,2026-01-26 22:46:52,
TICK-50547,CedarPoint Solutions,davidt@cedarpointsolutions.com,Low,Resolved,Access Request,2025-08-31 05:33:13,2025-09-01 22:33:13
TICK-50548,BrightPath Technologies,chloe_lewis@brightpathtechnologies.com,Low,Closed,API Issue,2026-02-10 13:39:55,2026-02-13 10:39:55
TICK-50549,Skyline Systems,sophias@skylinesystems.com,Medium,Open,API Issue,2026-03-11 03:49:14,
TICK-50550,BlueRiver Systems,harpers@blueriversystems.com,Low,Resolved,Login Issue,2026-01-10 02:39:50,2026-01-14 04:39:50
TICK-50551,summit systems,HENRY.JACKSON@SUMMITSYSTEMS.COM,Low,Pending,Login Issue,2025-09-16 06:08:50,
TICK-50552,SilverLine Data,emmay@silverlinedata.com,Low,Open,Feature Request,2026-01-22 09:27:24,
TICK-50553,Ironwood Labs,harper.green@ironwoodlabs.com,Low,Open,Login Issue,2026-04-03 14:01:53,
TICK-50554, Nova Technologies ,ethan_hall@novatechnologies.com,Low,Resolved,Access Request,2026-01-18 17:55:17,2026-01-21 01:55:17
TICK-50555,Apex Health,lucas.white@apexhealth.com,Medium,Resolved,Access Request,2025-10-17 12:46:22,2025-10-18 12:46:22
TICK-50556,SUMMIT LABS,hallen@summitlabs.com,High,Open,Access Request,2025-09-23 13:06:36,
TICK-50557,NorthPeak Data,benjaming@northpeakdata.com,Medium,Resolved,Feature Request,2026-03-25 06:31:06,2026-03-27 20:31:06
TICK-50558,Ironwood Partners Co,liam.thomas@ironwoodpartners.com,Urgent,Open,Access Request,2025-11-24 06:55:31,
TICK-50559,BrightPath Systems,camila_king@brightpathsystems.com,High,Open,Login Issue,2025-09-14 03:04:05,
TICK-50560,PRIMEWAVE SOFTWARE LLC,sofia.walker@primewavesoftware.com,Urgent,Pending,Data Sync,2025-11-11 21:53:19,
TICK-50561,VERTEX ANALYTICS LLC,miat@vertexanalytics.com,Low,Closed,API Issue,2025-11-06 03:37:05,2025-11-10 21:37:05
TICK-50562,SilverLine Cloud,charlotte.martin@silverlinecloud.com,Urgent,Resolved,Data Sync,2026-02-02 07:54:53,2026-02-06 22:54:53
TICK-50563,CedarPoint Analytics,alexanderj@cedarpointanalytics.com,Medium,Pending,Integration,2026-02-10 12:34:20,
TICK-50564,Redwood Cloud,awhite@redwoodcloud.com,Medium,Pending,Feature Request,2025-12-04 02:46:26,
TICK-50565,Redwood Systems,snelson@redwoodsystems.com,Low,Open,Billing,2026-02-04 21:27:25,
TICK-50566,PrimeWave Networks,harper_taylor@primewavenetworks.com,Medium,Resolved,API Issue,2026-04-04 11:44:54,2026-04-05 04:44:54
TICK-50567, SilverLine Technologies ,avas@silverlinetechnologies.com,Low,Open,Feature Request,2025-10-13 12:49:22,
TICK-50568,PrimeWave Works,aria_harris@primewaveworks.com,Medium,Closed,Data Sync,2025-10-17 16:32:57,2025-10-19 22:32:57
TICK-50569,PrimeWave Health,chloea@primewavehealth.com,Low,Resolved,Integration,2026-04-05 12:30:53,2026-04-06 07:30:53
TICK-50570,CloudForge Digital Co,,Medium,Open,Access Request,2025-11-05 00:32:53,
TICK-50571,skyline systems,noahs@skylinesystems.com,Low,Resolved,Access Request,2026-04-07 18:24:07,2026-04-12 01:24:07
TICK-50572,APEX SOLUTIONS LLC,chloe.moore@apexsolutions.com,Medium,Open,Bug Report,2025-12-14 19:43:24,
TICK-50573,northpeak systems,aharris@northpeaksystems.com,Urgent,Pending,Integration,2026-01-24 12:30:10,
TICK-50574,ClearBridge Dynamics,danielm@clearbridgedynamics.com,Medium,Pending,Data Sync,2025-08-29 14:25:10,
TICK-50575, ClearBridge Digital Inc ,ethan.martin@clearbridgedigital.com,High,Resolved,API Issue,2026-02-27 12:28:42,2026-03-03 06:28:42
TICK-50576,BlueRiver Tech,jsmith@bluerivertechnologies.com,Medium,Open,API Issue,2025-09-06 00:16:55,
TICK-50577,Redwood Works,ella_smith@redwoodworks.com,Urgent,Pending,Access Request,2025-10-16 03:39:40,
TICK-50578,Apex Technologies Corp,harper.jackson@apextechnologies.com,Low,Resolved,API Issue,2025-12-04 21:08:56,2025-12-11 14:08:56
TICK-50579,PrimeWave Digital,alexander_lewis@primewavedigital.com,Medium,Open,Login Issue,2026-04-15 06:46:21,
TICK-50580,Summit Sol Co,mia.smith@summitsolutions.com,Urgent,Open,Login Issue,2025-10-03 11:07:33,
TICK-50581,CloudForge Networks,isabella.adams@cloudforgenetworks.com,Medium,Closed,Login Issue,2025-09-13 22:48:00,2025-09-19 04:48:00
TICK-50582, everstone dynamics ,lucas_allen@everstonedynamics.com,Low,Open,Feature Request,2025-10-04 08:30:27,
TICK-50583,Velocity Dynamics,MMOORE@VELOCITYDYNAMICS.COM,Low,Resolved,Access Request,2025-12-04 23:13:38,2025-12-11 22:13:38
TICK-50584,CloudForge Ops Co,,High,Resolved,Integration,2026-04-15 10:42:58,2026-04-19 00:42:58
TICK-50585,CedarPoint Data,harper_lewis@cedarpointdata.com,Medium,Resolved,API Issue,2026-02-15 19:03:31,2026-02-22 12:03:31
TICK-50586,Ironwood Digital,camila_brown@ironwooddigital.com,Medium,Resolved,Login Issue,2026-01-12 00:50:11,2026-01-12 06:50:11
TICK-50587,Apex Technologies,lucasw@apextechnologies.com,Low,Open,Bug Report,2026-02-01 03:50:02,
TICK-50588,BrightPath Technologies Group,michaelb@brightpathtechnologies.com,High,Open,Billing,2025-11-03 14:13:53,
TICK-50589, SilverLine Works ,amelia.brown@silverlineworks.com,Low,Resolved,Feature Request,2026-04-05 14:40:56,2026-04-08 01:40:56
TICK-50590,NORTHPEAK SOLUTIONS GROUP,camila_king@northpeaksolutions.com,Medium,Closed,API Issue,2025-10-24 09:44:03,2025-10-30 06:44:03
TICK-50591,BrightPath Ops Co,michael_thomas@brightpathops.com,High,Open,Bug Report,2025-08-26 02:31:33,
TICK-50592, BRIGHTPATH LABS ,bwhite@brightpathlabs.com,Low,Resolved,API Issue,2025-10-10 20:25:35,2025-10-12 07:25:35
TICK-50593,Redwood Health,isabella_nelson@redwoodhealth.com,High,Resolved,Data Sync,2025-12-01 23:06:32,2025-12-03 05:06:32
TICK-50594,Skyline Solutions Group,logan.wright@skylinesolutions.com,High,Resolved,Billing,2026-04-19 09:41:39,2026-04-25 23:41:39
TICK-50595, Skyline Works ,enelson@skylineworks.com,Medium,Pending,Integration,2025-08-27 19:44:52,
TICK-50596,BlueRiver Works,awalker@blueriverworks.com,Medium,Closed,Integration,2025-08-26 11:23:23,2025-09-01 10:23:23
TICK-50597,Velocity Cloud,mbaker@velocitycloud.com,High,Closed,Data Sync,2025-11-02 14:13:50,2025-11-04 20:13:50
TICK-50598,BlueRiver Systems,lunak@blueriversystems.com,Medium,Resolved,Login Issue,2026-01-27 03:56:20,2026-01-29 20:56:20
TICK-50599,BrightPath Ops Corp,sofia_thomas@brightpathops.com,High,Closed,Access Request,2026-03-23 16:00:07,2026-03-26 03:00:07
TICK-50600, BrightPath Logic ,,Medium,Resolved,Access Request,2025-10-01 14:46:49,2025-10-06 04:46:49
TICK-50601,PrimeWave Data,aria.young@primewavedata.com,High,Closed,Billing,2026-02-14 09:30:02,2026-02-15 16:30:02
TICK-50602,Vertex Solutions,ella_adams@vertexsolutions.com,Medium,Resolved,API Issue,2025-10-23 05:58:24,2025-10-27 07:58:24
TICK-50603, NORTHPEAK NETWORKS ,LOGAN_BAKER@NORTHPEAKNETWORKS.COM,Medium,Pending,Data Sync,2025-12-30 09:31:08,
TICK-50604,NorthPeak Systems,olivia_hall@northpeaksystems.com,Medium,Closed,Bug Report,2026-04-11 23:15:10,2026-04-15 06:15:10
TICK-50605,PrimeWave Technologies,evelyns@primewavetechnologies.com,High,Open,Login Issue,2025-12-10 20:13:00,
TICK-50606,Redwood Analytics Group,noahj@redwoodanalytics.com,Urgent,Closed,API Issue,2025-12-17 12:13:52,2025-12-23 06:13:52
TICK-50607,Vertex Logic Group,davidl@vertexlogic.com,Low,Closed,Integration,2025-10-18 22:11:39,2025-10-19 10:11:39
TICK-50608,BrightPath Technologies,cbaker@brightpathtechnologies.com,Low,Pending,Access Request,2025-09-10 17:06:52,
TICK-50609,CloudForge Tech,benjamins@cloudforgetechnologies.com,Urgent,Open,Feature Request,2025-08-30 16:11:13,
TICK-50610,SILVERLINE ANALYTICS,cwright@silverlineanalytics.com,Urgent,Open,Billing,2025-12-17 10:31:16,
TICK-50611,APEX ANALYTICS,,Medium,Resolved,Bug Report,2025-10-10 16:21:18,2025-10-12 11:21:18
TICK-50612,Redwood Software,davida@redwoodsoftware.com,Low,Resolved,API Issue,2026-04-16 07:31:34,2026-04-16 20:31:34
TICK-50613, Skyline Digital LLC ,lallen@skylinedigital.com,Medium,Closed,Billing,2025-12-29 09:48:59,2026-01-04 23:48:59
TICK-50614,BlueRiver Cloud,michaelw@bluerivercloud.com,Medium,Pending,Billing,2026-03-07 11:41:59,
TICK-50615, Ironwood Technologies ,alexandern@ironwoodtechnologies.com,Urgent,Closed,Login Issue,2025-09-26 12:20:30,2025-09-29 15:20:30
TICK-50616,Vertex Solutions,lucas_green@vertexsolutions.com,Medium,Pending,Feature Request,2026-02-25 03:44:47,
TICK-50617,redwood logic inc,ameliab@redwoodlogic.com,Medium,Resolved,Billing,2025-11-04 00:06:15,2025-11-07 08:06:15
TICK-50618,Greenfield Partners Co,mia_jackson@greenfieldpartners.com,High,Pending,Bug Report,2025-09-13 01:10:29,
TICK-50619,Apex Cloud,charlotte_adams@apexcloud.com,Low,Open,Integration,2026-02-20 20:41:04,
TICK-50620, PRIMEWAVE SOFTWARE ,EMARTIN@PRIMEWAVESOFTWARE.COM,Medium,Closed,Access Request,2025-09-27 00:33:13,2025-09-27 19:33:13
TICK-50621,PrimeWave Solutions Co,lunat@primewavesolutions.com,High,Pending,Billing,2025-08-29 11:27:15,
TICK-50622,CedarPoint Solutions,sofia_walker@cedarpointsolutions.com,Medium,Resolved,Login Issue,2026-03-12 12:40:59,2026-03-13 17:40:59
TICK-50623,BrightPath Digital,davida@brightpathdigital.com,High,Open,Login Issue,2025-11-20 21:55:10,
TICK-50624, Ironwood Software ,samuel.martin@ironwoodsoftware.com,Medium,Resolved,Bug Report,2026-03-20 10:39:23,2026-03-24 03:39:23
TICK-50625,Redwood Logic,charlotte_scott@redwoodlogic.com,Medium,Pending,API Issue,2025-12-18 05:23:51,
TICK-50626,Skyline Technologies,harper.anderson@skylinetechnologies.com,Medium,Closed,Integration,2025-10-07 21:40:54,2025-10-08 12:40:54
TICK-50627,northpeak labs,mia.hall@northpeaklabs.com,Urgent,Closed,Data Sync,2026-04-19 00:36:41,2026-04-23 21:36:41
TICK-50628,NorthPeak Dynamics Group,sbrown@northpeakdynamics.com,Medium,Resolved,Access Request,2025-10-26 19:43:48,2025-10-31 01:43:48
TICK-50629,NorthPeak Solutions,ALEXANDER.WRIGHT@NORTHPEAKSOLUTIONS.COM,High,Pending,Access Request,2025-09-25 17:14:27,
TICK-50630,BrightPath Partners Co,ethan_anderson@brightpathpartners.com,High,Open,Access Request,2026-04-06 20:28:01,
TICK-50631,EVERSTONE SYSTEMS,,Medium,Closed,Access Request,2025-08-30 08:23:20,2025-09-02 19:23:20
TICK-50632,Apex Digital Group,STAYLOR@APEXDIGITAL.COM,Medium,Resolved,Billing,2025-10-16 22:17:13,2025-10-20 08:17:13
TICK-50633,BrightPath Cloud,aria_moore@brightpathcloud.com,Low,Open,Feature Request,2025-12-19 23:35:59,
TICK-50634,CloudForge Ops Co,bclark@cloudforgeops.com,Medium,Resolved,Bug Report,2026-04-15 14:06:16,2026-04-18 06:06:16
TICK-50635, Skyline Ops Co ,alexander_lewis@skylineops.com,Medium,Open,API Issue,2025-11-29 09:21:21,
TICK-50636, CloudForge Ops ,ajohnson@cloudforgeops.com,Medium,Resolved,Bug Report,2025-11-26 22:23:34,2025-11-28 22:23:34
TICK-50637,Everstone Cloud,olivia.smith@everstonecloud.com,Medium,Closed,Bug Report,2025-09-21 09:47:47,2025-09-25 20:47:47
TICK-50638,CedarPoint Logic LLC,evelyn.baker@cedarpointlogic.com,Medium,Closed,Bug Report,2026-01-17 17:01:57,2026-01-18 04:01:57
TICK-50639, CedarPoint Works ,danielw@cedarpointworks.com,Urgent,Resolved,Billing,2025-12-08 19:38:34,2025-12-14 12:38:34
TICK-50640,BlueRiver Solutions,logan_scott@blueriversolutions.com,High,Open,Access Request,2025-11-01 04:34:59,
TICK-50641, BrightPath Cloud ,logan.moore@brightpathcloud.com,Medium,Open,Billing,2026-03-04 09:39:24,
TICK-50642,BrightPath Works,olivia_young@brightpathworks.com,Medium,Closed,Billing,2025-12-22 05:00:26,2025-12-28 14:00:26
TICK-50643,Ironwood Labs,ava.scott@ironwoodlabs.com,Low,Pending,API Issue,2025-10-01 08:27:12,
TICK-50644,IRONWOOD CLOUD INC,cbrown@ironwoodcloud.com,Low,Closed,Billing,2025-12-06 10:57:55,2025-12-06 22:57:55
TICK-50645,Nova Data,swright@novadata.com,Low,Resolved,API Issue,2026-03-05 20:57:46,2026-03-08 19:57:46
TICK-50646,ClearBridge Digital,noah_wright@clearbridgedigital.com,High,Resolved,API Issue,2025-12-11 07:51:04,2025-12-16 08:51:04
TICK-50647,summit solutions,benjamin_thomas@summitsolutions.com,Low,Open,Billing,2025-12-16 04:57:47,
TICK-50648,CloudForge Software,ASMITH@CLOUDFORGESOFTWARE.COM,Medium,Pending,Data Sync,2026-03-25 20:06:53,
TICK-50649,NOVA CLOUD LLC,ALEXANDER_HALL@NOVACLOUD.COM,Medium,Open,Access Request,2026-04-09 07:11:21,
TICK-50650,IRONWOOD LOGIC,athomas@ironwoodlogic.com,Low,Closed,Login Issue,2025-11-07 07:54:25,2025-11-07 17:54:25
TICK-50651,CedarPoint Dynamics LLC,logan_nelson@cedarpointdynamics.com,Medium,Pending,Data Sync,2025-12-02 07:57:55,
TICK-50652,BlueRiver Ops,ianderson@blueriverops.com,Urgent,Closed,Billing,2025-10-20 22:16:38,2025-10-24 05:16:38
TICK-50653,Velocity Systems,AALLEN@VELOCITYSYSTEMS.COM,Medium,Pending,Access Request,2025-12-09 05:02:50,
TICK-50654, Velocity Partners ,jamesj@velocitypartners.com,Urgent,Resolved,Login Issue,2025-12-20 06:47:12,2025-12-20 14:47:12
TICK-50655,Redwood Logic,isabella_nelson@redwoodlogic.com,Low,Resolved,Billing,2026-02-08 16:13:45,2026-02-13 01:13:45
TICK-50656, Redwood Systems ,aria.jackson@redwoodsystems.com,Medium,Pending,API Issue,2026-03-17 19:46:09,
TICK-50657,Everstone Analytics,elewis@everstoneanalytics.com,Medium,Pending,Access Request,2026-02-11 12:25:15,
TICK-50658,CedarPoint Logic Inc,daniel_wright@cedarpointlogic.com,High,Open,Billing,2026-03-09 12:46:48,
TICK-50659,Greenfield Health,BENJAMIN.MOORE@GREENFIELDHEALTH.COM,Low,Open,Billing,2025-12-31 10:42:52,
TICK-50660,BrightPath Health Inc,miat@brightpathhealth.com,Medium,Resolved,Access Request,2026-03-14 04:31:08,2026-03-20 07:31:08
TICK-50661,Skyline Labs,aria.nelson@skylinelabs.com,Medium,Resolved,Access Request,2026-04-08 17:57:09,2026-04-14 22:57:09
TICK-50662,BlueRiver Cloud Inc,emmaj@bluerivercloud.com,Low,Pending,Login Issue,2026-01-23 14:44:02,
TICK-50663,Skyline Health,charris@skylinehealth.com,Medium,Resolved,Feature Request,2026-04-17 08:28:08,2026-04-21 08:28:08
TICK-50664,Summit Data,camila_johnson@summitdata.com,Low,Pending,Billing,2025-11-26 14:50:12,
TICK-50665,Apex Health LLC,noah.anderson@apexhealth.com,High,Resolved,API Issue,2025-09-17 11:23:54,2025-09-20 09:23:54
TICK-50666,CloudForge Labs,oliviaa@cloudforgelabs.com,Urgent,Pending,Feature Request,2026-03-19 21:43:25,
TICK-50667, CLOUDFORGE NETWORKS CO ,mia.thomas@cloudforgenetworks.com,Medium,Open,Feature Request,2025-09-01 11:43:42,
TICK-50668, Greenfield Cloud Co ,david.taylor@greenfieldcloud.com,Medium,Open,Billing,2026-04-01 22:44:03,
TICK-50669,Ironwood Logic Co,james_wright@ironwoodlogic.com,Medium,Open,Bug Report,2025-11-01 23:58:33,
TICK-50670,brightpath digital,harper_anderson@brightpathdigital.com,Medium,Resolved,Integration,2026-01-21 00:32:39,2026-01-24 08:32:39
TICK-50671, Velocity Technologies ,chloem@velocitytechnologies.com,Low,Resolved,Access Request,2025-12-23 18:51:23,2025-12-25 10:51:23
TICK-50672,greenfield solutions,ava_young@greenfieldsolutions.com,Urgent,Pending,Access Request,2025-11-04 21:48:18,
TICK-50673,Nova Digital,isabella_allen@novadigital.com,Medium,Resolved,Access Request,2026-03-25 16:35:38,2026-03-28 15:35:38
TICK-50674,northpeak analytics,ejackson@northpeakanalytics.com,High,Open,Data Sync,2025-10-21 06:25:48,
TICK-50675,Ironwood Labs,ameliac@ironwoodlabs.com,Low,Resolved,Access Request,2026-04-17 12:52:12,2026-04-21 09:52:12
TICK-50676,BrightPath Labs,,High,Resolved,API Issue,2025-11-09 16:22:26,2025-11-10 14:22:26
TICK-50677,Everstone Software,camila.king@everstonesoftware.com,Low,Resolved,Feature Request,2025-09-19 21:18:18,2025-09-22 21:18:18
TICK-50678,BrightPath Digital,MNELSON@BRIGHTPATHDIGITAL.COM,Medium,Resolved,API Issue,2025-11-09 21:06:49,2025-11-12 22:06:49
TICK-50679,CedarPoint Sol Corp,emoore@cedarpointsolutions.com,High,Pending,Billing,2026-03-09 22:43:21,
TICK-50680,PrimeWave Cloud,staylor@primewavecloud.com,Low,Pending,Data Sync,2025-11-15 05:35:00,
TICK-50681,Greenfield Labs,emman@greenfieldlabs.com,Low,Resolved,Integration,2026-01-10 12:21:13,2026-01-17 03:21:13
TICK-50682,Apex Sol,,Low,Pending,Access Request,2026-01-05 01:22:32,
TICK-50683,blueriver data,elijah.walker@blueriverdata.com,Medium,Resolved,Data Sync,2025-09-16 13:45:18,2025-09-21 14:45:18
TICK-50684, Ironwood Labs ,EVELYNA@IRONWOODLABS.COM,Low,Resolved,Feature Request,2026-02-28 13:57:28,2026-03-01 21:57:28
TICK-50685, Greenfield Logic ,ljohnson@greenfieldlogic.com,High,Closed,Data Sync,2026-02-22 12:33:30,2026-02-27 22:33:30
TICK-50686,Velocity Systems,michaelk@velocitysystems.com,High,Closed,Integration,2025-09-09 12:14:35,2025-09-13 16:14:35
TICK-50687,Nova Technologies,mia.harris@novatechnologies.com,Medium,Resolved,Bug Report,2026-01-14 08:36:54,2026-01-15 22:36:54
TICK-50688, Ironwood Digital ,dwright@ironwooddigital.com,High,Closed,Billing,2025-12-13 06:39:16,2025-12-14 12:39:16
TICK-50689,Everstone Digital,sophia.clark@everstonedigital.com,Medium,Open,Feature Request,2025-11-22 12:35:36,
TICK-50690,Vertex Software,ava.harris@vertexsoftware.com,Medium,Resolved,Data Sync,2025-12-24 01:39:56,2025-12-25 02:39:56
TICK-50691,BlueRiver Software,alexander.harris@blueriversoftware.com,Medium,Resolved,Login Issue,2025-12-28 00:43:41,2026-01-02 23:43:41
TICK-50692,NorthPeak Networks,michael.green@northpeaknetworks.com,High,Pending,Feature Request,2026-01-13 10:16:40,
TICK-50693,Apex Systems LLC,aria.anderson@apexsystems.com,High,Resolved,Integration,2025-12-12 13:04:42,2025-12-17 13:04:42
TICK-50694,BrightPath Software,henryh@brightpathsoftware.com,High,Open,API Issue,2025-09-18 12:01:00,
TICK-50695,BrightPath Logic,harperh@brightpathlogic.com,Low,Open,Data Sync,2025-09-14 01:50:45,
TICK-50696,Redwood Data,avery_green@redwooddata.com,Urgent,Open,Access Request,2025-12-01 02:00:26,
TICK-50697,Ironwood Ops,james_moore@ironwoodops.com,Medium,Pending,Data Sync,2025-10-18 11:12:58,
TICK-50698,SilverLine Solutions Group,aclark@silverlinesolutions.com,Low,Open,Feature Request,2025-11-24 12:20:29,
TICK-50699,Summit Analytics,aharris@summitanalytics.com,Medium,Resolved,API Issue,2026-02-16 06:01:44,2026-02-19 01:01:44
TICK-50700, ClearBridge Partners Corp ,masony@clearbridgepartners.com,Low,Resolved,API Issue,2025-09-24 15:01:54,2025-09-25 00:01:54
TICK-50701, BrightPath Software ,oliviah@brightpathsoftware.com,High,Open,Feature Request,2025-10-04 20:17:12,
TICK-50702,Skyline Digital Inc,,Low,Pending,API Issue,2025-12-15 22:47:18,
TICK-50703,EVERSTONE SYSTEMS,avat@everstonesystems.com,High,Closed,Billing,2026-02-02 04:57:43,2026-02-08 07:57:43
TICK-50704,Summit Labs,averys@summitlabs.com,Medium,Resolved,Integration,2025-09-25 22:49:16,2025-09-28 01:49:16
TICK-50705, Apex Cloud LLC ,logan_hall@apexcloud.com,Low,Open,Feature Request,2026-02-12 19:59:03,
TICK-50706,Vertex Analytics,etaylor@vertexanalytics.com,Medium,Closed,Data Sync,2026-04-20 16:48:17,2026-04-26 14:48:17
TICK-50707,SilverLine Data,lsmith@silverlinedata.com,Medium,Resolved,Integration,2026-01-07 21:44:52,2026-01-11 03:44:52
TICK-50708, Skyline Solutions ,ella_johnson@skylinesolutions.com,High,Pending,Billing,2026-03-03 17:44:13,
TICK-50709,Redwood Logic,amelia.scott@redwoodlogic.com,Medium,Resolved,Billing,2025-09-12 01:13:55,2025-09-13 05:13:55
TICK-50710, Velocity Systems ,aclark@velocitysystems.com,Medium,Open,Billing,2025-11-21 04:19:11,
TICK-50711,Skyline Digital,alexander.adams@skylinedigital.com,High,Closed,Integration,2025-11-21 14:18:25,2025-11-24 16:18:25
TICK-50712,redwood works group,amelia_wright@redwoodworks.com,High,Closed,Bug Report,2025-12-18 02:55:12,2025-12-22 08:55:12
TICK-50713, Apex Partners ,avery_harris@apexpartners.com,Low,Closed,Access Request,2025-10-27 12:39:34,2025-10-28 04:39:34
TICK-50714,BrightPath Digital,amelia.brown@brightpathdigital.com,Low,Pending,API Issue,2026-04-11 02:07:04,
TICK-50715,Ironwood Partners,sophiaa@ironwoodpartners.com,Urgent,Resolved,Bug Report,2026-01-26 08:07:17,2026-01-28 20:07:17
TICK-50716, BrightPath Logic Inc ,noah_scott@brightpathlogic.com,High,Closed,Bug Report,2025-10-04 16:32:29,2025-10-06 06:32:29
TICK-50717,skyline works,sophiab@skylineworks.com,Low,Open,Integration,2025-11-07 22:18:37,
TICK-50718,brightpath technologies,henry_wright@brightpathtechnologies.com,Medium,Resolved,Integration,2025-09-13 21:44:02,2025-09-18 16:44:02
TICK-50719,Nova Data,ewright@novadata.com,Low,Resolved,Integration,2025-12-02 12:30:00,2025-12-06 00:30:00
TICK-50720,BlueRiver Tech Co,luna.clark@bluerivertechnologies.com,Medium,Resolved,Feature Request,2025-10-30 19:32:33,2025-11-05 19:32:33
TICK-50721,Summit Digital,amelia_harris@summitdigital.com,High,Resolved,Feature Request,2026-03-18 12:17:34,2026-03-24 08:17:34
TICK-50722,apex digital llc,ethann@apexdigital.com,High,Closed,Data Sync,2025-11-17 21:25:43,2025-11-24 18:25:43
TICK-50723,Redwood Logic LLC,camilam@redwoodlogic.com,Medium,Resolved,Billing,2025-12-20 04:37:20,2025-12-26 03:37:20
TICK-50724,PrimeWave Data,ASMITH@PRIMEWAVEDATA.COM,Low,Pending,Access Request,2026-02-03 21:00:39,
TICK-50725,Skyline Partners,,Low,Open,Access Request,2025-09-10 00:14:09,
TICK-50726,Apex Partners,MICHAEL.JOHNSON@APEXPARTNERS.COM,High,Closed,Data Sync,2025-09-28 11:01:05,2025-09-30 21:01:05
TICK-50727,Everstone Partners,dwhite@everstonepartners.com,Medium,Closed,Data Sync,2026-02-25 19:35:36,2026-02-27 06:35:36
TICK-50728,CedarPoint Analytics,benjamin_moore@cedarpointanalytics.com,High,Closed,Data Sync,2025-10-21 16:06:41,2025-10-22 22:06:41
TICK-50729,Ironwood Cloud,enelson@ironwoodcloud.com,Medium,Closed,Integration,2025-12-10 22:17:15,2025-12-14 01:17:15
TICK-50730,ironwood labs,liam_jackson@ironwoodlabs.com,Medium,Pending,Integration,2026-04-17 11:02:33,
TICK-50731, Nova Networks ,awhite@novanetworks.com,Low,Resolved,Data Sync,2025-12-20 03:43:39,2025-12-20 15:43:39
TICK-50732,Velocity Logic LLC,ameliac@velocitylogic.com,Medium,Resolved,Bug Report,2025-12-02 23:16:32,2025-12-03 03:16:32
TICK-50733, PrimeWave Dynamics ,alexanderm@primewavedynamics.com,Medium,Closed,Billing,2025-08-30 10:14:44,2025-08-30 12:14:44
TICK-50734,Ironwood Health,,Urgent,Resolved,Bug Report,2025-11-19 07:37:02,2025-11-20 04:37:02
TICK-50735,velocity solutions,michael_brown@velocitysolutions.com,High,Resolved,Data Sync,2025-11-16 04:09:31,2025-11-20 11:09:31
TICK-50736,Skyline Analytics,charlotte.adams@skylineanalytics.com,Medium,Pending,Login Issue,2025-09-20 19:24:05,
TICK-50737,ClearBridge Software,liam_adams@clearbridgesoftware.com,High,Pending,Integration,2026-03-14 12:35:00,
TICK-50738,Redwood Cloud,mason.moore@redwoodcloud.com,Urgent,Resolved,API Issue,2025-11-30 00:54:23,2025-12-04 14:54:23
TICK-50739,Summit Digital,logan.brown@summitdigital.com,Low,Resolved,Access Request,2025-11-04 23:05:00,2025-11-10 02:05:00
TICK-50740,Apex Logic,cbaker@apexlogic.com,Urgent,Resolved,Feature Request,2025-11-13 10:36:40,2025-11-15 16:36:40
TICK-50741,ClearBridge Ops,elijah_adams@clearbridgeops.com,Low,Resolved,Data Sync,2025-12-21 06:47:27,2025-12-22 19:47:27
TICK-50742,clearbridge dynamics,david.thomas@clearbridgedynamics.com,High,Closed,API Issue,2025-11-06 06:51:27,2025-11-07 01:51:27
TICK-50743,Ironwood Technologies,emoore@ironwoodtechnologies.com,Medium,Resolved,API Issue,2025-10-11 08:02:26,2025-10-15 21:02:26
TICK-50744, Greenfield Systems ,mbrown@greenfieldsystems.com,Medium,Resolved,Billing,2025-11-13 19:56:16,2025-11-20 04:56:16
TICK-50745,Redwood Analytics,alexander_king@redwoodanalytics.com,High,Open,Integration,2026-04-15 06:55:58,
TICK-50746,BlueRiver Ops,aria.nelson@blueriverops.com,Medium,Closed,Billing,2025-10-21 16:54:11,2025-10-22 13:54:11
TICK-50747,CloudForge Systems,lucas.green@cloudforgesystems.com,Medium,Resolved,Access Request,2026-01-20 03:50:02,2026-01-22 21:50:02
TICK-50748,Ironwood Software,liam.young@ironwoodsoftware.com,Medium,Open,Feature Request,2025-11-12 19:08:50,
TICK-50749, APEX LOGIC ,ariaa@apexlogic.com,High,Resolved,Data Sync,2025-09-06 10:58:33,2025-09-06 16:58:33
TICK-50750, Apex Cloud ,david.anderson@apexcloud.com,Urgent,Closed,Integration,2025-10-31 07:59:07,2025-11-04 16:59:07
TICK-50751,BrightPath Ops,benjamin_harris@brightpathops.com,Low,Pending,Bug Report,2025-12-06 11:28:48,
TICK-50752,SKYLINE HEALTH,ella_moore@skylinehealth.com,Medium,Pending,Access Request,2025-10-20 02:44:43,
TICK-50753,PrimeWave Technologies,,Low,Pending,Feature Request,2025-09-17 13:37:20,
TICK-50754,SilverLine Data,mia_adams@silverlinedata.com,High,Pending,API Issue,2026-02-06 18:03:58,
TICK-50755,NorthPeak Software,aallen@northpeaksoftware.com,Medium,Closed,Access Request,2026-01-09 13:02:54,2026-01-15 16:02:54
TICK-50756,velocity partners,oliviaa@velocitypartners.com,Medium,Resolved,Data Sync,2026-03-19 03:39:08,2026-03-25 10:39:08
TICK-50757,Summit Solutions,james_johnson@summitsolutions.com,Urgent,Closed,API Issue,2025-10-29 02:48:41,2025-11-04 04:48:41
TICK-50758,Skyline Solutions,masonm@skylinesolutions.com,Urgent,Closed,Data Sync,2026-04-16 23:49:57,2026-04-22 21:49:57
TICK-50759,primewave cloud,,Medium,Open,Integration,2025-12-20 16:06:24,
TICK-50760, Summit Data ,,Low,Open,Login Issue,2026-04-15 13:14:06,
TICK-50761, Apex Digital ,oliviam@apexdigital.com,Medium,Closed,Data Sync,2025-11-21 19:46:34,2025-11-24 21:46:34
TICK-50762, Everstone Works ,CTHOMAS@EVERSTONEWORKS.COM,Low,Closed,Access Request,2025-12-30 19:32:09,2026-01-03 23:32:09
TICK-50763,Redwood Data,chloe_king@redwooddata.com,High,Resolved,Data Sync,2026-02-07 23:49:33,2026-02-09 03:49:33
TICK-50764, Summit Systems ,samuelb@summitsystems.com,Low,Closed,Bug Report,2025-10-15 21:11:27,2025-10-16 20:11:27
TICK-50765,BrightPath Sys Inc,charlottea@brightpathsystems.com,Low,Pending,Access Request,2025-12-23 23:26:47,
TICK-50766,Everstone Dynamics,henry.clark@everstonedynamics.com,High,Resolved,Login Issue,2025-11-10 00:37:05,2025-11-10 20:37:05
TICK-50767,SilverLine Solutions,benjamin.hall@silverlinesolutions.com,High,Resolved,Access Request,2025-11-10 17:38:38,2025-11-12 20:38:38
TICK-50768,SKYLINE DYNAMICS,canderson@skylinedynamics.com,Low,Resolved,Access Request,2025-09-04 16:51:53,2025-09-10 10:51:53
TICK-50769, BrightPath Data Group ,sofia_brown@brightpathdata.com,Medium,Closed,Login Issue,2025-09-07 23:33:44,2025-09-13 23:33:44
TICK-50770,Vertex Works,sofia.king@vertexworks.com,Medium,Resolved,Login Issue,2026-01-10 05:15:45,2026-01-13 23:15:45
TICK-50771,Vertex Technologies Inc,,Urgent,Resolved,Integration,2025-09-12 22:38:02,2025-09-18 01:38:02
TICK-50772,Velocity Partners,mia.king@velocitypartners.com,High,Open,Data Sync,2026-03-25 18:01:49,
TICK-50773,Velocity Dynamics,avery.king@velocitydynamics.com,Medium,Resolved,Integration,2025-12-11 23:15:41,2025-12-12 06:15:41
TICK-50774,CedarPoint Sys,canderson@cedarpointsystems.com,High,Pending,Data Sync,2025-11-25 16:03:41,
TICK-50775,SilverLine Digital,,Medium,Resolved,Bug Report,2025-09-11 06:22:23,2025-09-17 18:22:23
TICK-50776, SilverLine Data ,lucas_lewis@silverlinedata.com,Low,Open,Data Sync,2025-09-25 08:36:49,
TICK-50777,CloudForge Labs,lucasj@cloudforgelabs.com,High,Closed,Billing,2025-12-18 09:40:51,2025-12-20 03:40:51
TICK-50778,Summit Systems,mia.hall@summitsystems.com,High,Closed,Data Sync,2025-10-18 03:58:42,2025-10-20 07:58:42
TICK-50779,Redwood Software,ethan_adams@redwoodsoftware.com,Medium,Open,Access Request,2026-01-30 23:14:32,
TICK-50780,BRIGHTPATH SYSTEMS CORP,DAVIDS@BRIGHTPATHSYSTEMS.COM,High,Closed,Login Issue,2025-11-17 15:36:23,2025-11-23 05:36:23
TICK-50781,Summit Works Inc,,Low,Pending,API Issue,2026-02-08 07:32:24,
TICK-50782,clearbridge ops,aadams@clearbridgeops.com,Low,Pending,Data Sync,2026-04-18 23:26:19,
TICK-50783,CedarPoint Logic,lsmith@cedarpointlogic.com,Medium,Resolved,API Issue,2025-09-13 23:18:53,2025-09-19 17:18:53
TICK-50784,CloudForge Logic Group,isabellaa@cloudforgelogic.com,Medium,Pending,Integration,2025-12-27 15:05:08,
TICK-50785, Skyline Partners Corp ,dthomas@skylinepartners.com,High,Closed,Login Issue,2025-12-13 15:14:14,2025-12-17 22:14:14
TICK-50786,PrimeWave Software,,Medium,Pending,Login Issue,2025-10-18 22:10:58,
TICK-50787,EVERSTONE OPS INC,oclark@everstoneops.com,Medium,Pending,Feature Request,2026-03-09 10:53:56,
TICK-50788,Redwood Software,omoore@redwoodsoftware.com,High,Pending,Feature Request,2025-11-03 08:14:29,
TICK-50789,Velocity Data,aria.taylor@velocitydata.com,Medium,Resolved,Data Sync,2026-02-23 07:21:01,2026-02-26 18:21:01
TICK-50790,CloudForge Works,masonm@cloudforgeworks.com,High,Closed,Integration,2026-01-23 13:11:58,2026-01-29 12:11:58
TICK-50791,Everstone Technologies Inc,chloe.martin@everstonetechnologies.com,High,Closed,Access Request,2026-02-27 11:21:55,2026-02-28 11:21:55
TICK-50792,Skyline Cloud,,High,Open,Access Request,2025-10-16 11:39:52,
TICK-50793,Nova Partners,chloe_thomas@novapartners.com,Medium,Closed,API Issue,2026-04-22 11:20:18,2026-04-24 12:20:18
TICK-50794,ClearBridge Ops,ava_brown@clearbridgeops.com,Medium,Open,API Issue,2026-04-06 03:07:32,
TICK-50795, PrimeWave Data ,alexander.harris@primewavedata.com,Medium,Closed,Login Issue,2025-08-29 06:19:44,2025-09-03 11:19:44
TICK-50796,BrightPath Works LLC,noah_johnson@brightpathworks.com,Low,Closed,Access Request,2026-03-27 18:20:02,2026-03-29 03:20:02
TICK-50797,BrightPath Partners,olivia.walker@brightpathpartners.com,Medium,Open,Billing,2026-02-23 01:02:54,
TICK-50798,ClearBridge Systems,charlottea@clearbridgesystems.com,High,Pending,Data Sync,2026-04-21 07:51:11,
TICK-50799, Vertex Digital ,awalker@vertexdigital.com,High,Resolved,Feature Request,2026-01-15 04:37:28,2026-01-19 19:37:28
TICK-50800,ClearBridge Analytics,camila.nelson@clearbridgeanalytics.com,High,Closed,Access Request,2026-01-29 10:50:36,2026-02-01 07:50:36
TICK-50801,Everstone Systems,,High,Closed,API Issue,2026-04-05 18:35:08,2026-04-08 19:35:08
TICK-50802, Ironwood Ops ,janderson@ironwoodops.com,High,Pending,Login Issue,2026-02-11 06:13:34,
TICK-50803,Skyline Health,ISABELLAK@SKYLINEHEALTH.COM,Low,Pending,Integration,2025-10-05 05:59:54,
TICK-50804,SILVERLINE SOLUTIONS CORP,hwhite@silverlinesolutions.com,Medium,Resolved,API Issue,2026-03-19 23:21:54,2026-03-23 06:21:54
TICK-50805, Nova Dynamics ,samuels@novadynamics.com,High,Resolved,Feature Request,2025-11-13 08:35:30,2025-11-20 06:35:30
TICK-50806,Vertex Logic,logan.lewis@vertexlogic.com,Medium,Resolved,Billing,2025-12-22 13:12:50,2025-12-28 18:12:50
TICK-50807,greenfield digital,DAVID.TAYLOR@GREENFIELDDIGITAL.COM,Urgent,Open,Access Request,2026-02-14 11:10:20,
TICK-50808, Velocity Dynamics ,alexander_allen@velocitydynamics.com,Low,Resolved,Billing,2026-03-10 11:07:43,2026-03-13 12:07:43
TICK-50809,BrightPath Logic Corp,CYOUNG@BRIGHTPATHLOGIC.COM,Medium,Resolved,Access Request,2026-03-17 03:30:50,2026-03-22 18:30:50
TICK-50810,CloudForge Digital LLC,evelyn_moore@cloudforgedigital.com,Urgent,Open,Data Sync,2025-08-27 15:36:22,
TICK-50811,Velocity Digital Co,landerson@velocitydigital.com,High,Closed,Bug Report,2025-09-12 10:25:54,2025-09-15 16:25:54
TICK-50812,Everstone Systems,ava_wright@everstonesystems.com,High,Open,Feature Request,2025-09-21 14:13:30,
TICK-50813,Greenfield Labs,benjamin_clark@greenfieldlabs.com,Medium,Pending,Billing,2026-03-29 08:46:39,
TICK-50814,Velocity Logic,danielw@velocitylogic.com,High,Resolved,Bug Report,2025-12-28 17:36:21,2026-01-04 14:36:21
TICK-50815,SILVERLINE WORKS,danielb@silverlineworks.com,Medium,Resolved,Billing,2025-10-21 21:00:42,2025-10-22 10:00:42
TICK-50816, Velocity Cloud ,ariaa@velocitycloud.com,Medium,Resolved,API Issue,2025-10-02 03:48:09,2025-10-06 21:48:09
TICK-50817, BrightPath Works ,ethan_green@brightpathworks.com,Medium,Resolved,Feature Request,2025-08-27 04:00:15,2025-08-28 15:00:15
TICK-50818,CedarPoint Systems,logan_thomas@cedarpointsystems.com,Low,Pending,Integration,2026-03-26 19:14:16,
TICK-50819,CedarPoint Analytics,mhall@cedarpointanalytics.com,Low,Pending,Data Sync,2025-09-28 07:22:00,
TICK-50820, Greenfield Labs ,lucas_martin@greenfieldlabs.com,Low,Open,Data Sync,2025-11-25 05:13:03,
TICK-50821, Everstone Digital ,averys@everstonedigital.com,Medium,Closed,Login Issue,2025-12-09 15:37:52,2025-12-15 11:37:52
TICK-50822,Nova Cloud,anelson@novacloud.com,Medium,Resolved,Data Sync,2026-03-23 18:04:38,2026-03-24 06:04:38
TICK-50823,primewave labs,chloe_king@primewavelabs.com,High,Closed,API Issue,2026-01-30 00:19:50,2026-02-01 07:19:50
TICK-50824,Skyline Digital Group,alexander.nelson@skylinedigital.com,Low,Open,API Issue,2026-04-16 18:28:15,
TICK-50825,cedarpoint dynamics,DAVID.LEWIS@CEDARPOINTDYNAMICS.COM,High,Open,Integration,2026-03-03 10:18:08,
TICK-50826,Velocity Solutions,charlotte_scott@velocitysolutions.com,High,Resolved,Integration,2026-03-12 07:59:36,2026-03-17 00:59:36
TICK-50827,primewave partners,avery_johnson@primewavepartners.com,Medium,Pending,Feature Request,2026-01-04 02:56:30,
TICK-50828,APEX SOLUTIONS,mia_young@apexsolutions.com,Medium,Pending,Integration,2025-09-07 10:41:10,
TICK-50829,CloudForge Systems,charlotte.allen@cloudforgesystems.com,Medium,Pending,Access Request,2025-09-24 09:12:38,
TICK-50830,skyline digital,olivia.nelson@skylinedigital.com,Medium,Resolved,Bug Report,2025-12-29 16:16:01,2026-01-02 22:16:01
TICK-50831,Greenfield Health,,Low,Resolved,Data Sync,2026-02-07 07:27:49,2026-02-10 04:27:49
TICK-50832,Summit Labs,ballen@summitlabs.com,High,Resolved,Integration,2025-10-17 01:11:24,2025-10-22 05:11:24
TICK-50833,CloudForge Systems,benjamin.adams@cloudforgesystems.com,Medium,Pending,Bug Report,2026-03-11 10:12:41,
TICK-50834, Apex Partners Corp ,oliviak@apexpartners.com,Medium,Closed,Access Request,2026-01-18 17:21:44,2026-01-22 18:21:44
TICK-50835,Nova Data,elijahc@novadata.com,Medium,Pending,Feature Request,2025-12-02 14:41:51,
TICK-50836,PrimeWave Cloud,sophia.lewis@primewavecloud.com,High,Closed,Billing,2025-10-27 11:26:40,2025-10-28 08:26:40
TICK-50837,Redwood Cloud,benjamin_adams@redwoodcloud.com,Medium,Pending,Integration,2026-04-12 04:13:16,
TICK-50838, BrightPath Works ,sofia.nelson@brightpathworks.com,Low,Closed,Data Sync,2025-09-05 20:49:06,2025-09-10 10:49:06
TICK-50839,Ironwood Ops,avaa@ironwoodops.com,High,Resolved,Integration,2026-02-02 11:03:36,2026-02-03 08:03:36
TICK-50840,BrightPath Solutions,olivia_moore@brightpathsolutions.com,Low,Resolved,API Issue,2026-04-21 01:50:58,2026-04-21 13:50:58
TICK-50841,ClearBridge Analytics Co,davidt@clearbridgeanalytics.com,Low,Pending,Data Sync,2025-12-21 23:03:46,
TICK-50842,BlueRiver Ops,henry_anderson@blueriverops.com,Medium,Resolved,API Issue,2025-10-07 11:15:33,2025-10-10 04:15:33
TICK-50843,NorthPeak Labs Group,MICHAEL.JACKSON@NORTHPEAKLABS.COM,High,Resolved,Integration,2025-11-04 16:32:14,2025-11-09 10:32:14
TICK-50844,SILVERLINE WORKS INC,dallen@silverlineworks.com,Medium,Closed,Login Issue,2025-12-15 19:02:38,2025-12-18 14:02:38
TICK-50845,CedarPoint Software,evelyna@cedarpointsoftware.com,High,Pending,Billing,2026-03-01 00:01:26,
TICK-50846,CLEARBRIDGE WORKS,mason_hall@clearbridgeworks.com,High,Resolved,Access Request,2025-08-31 03:43:55,2025-09-03 06:43:55
TICK-50847, CloudForge Dynamics ,mia.harris@cloudforgedynamics.com,Medium,Pending,Access Request,2025-09-28 01:03:02,
TICK-50848,apex health,ethanw@apexhealth.com,Medium,Resolved,Integration,2025-09-12 08:09:08,2025-09-16 17:09:08
TICK-50849,CloudForge Dynamics LLC,,High,Pending,Feature Request,2025-09-22 17:37:02,
TICK-50850, Summit Logic Corp ,amelia.white@summitlogic.com,Low,Resolved,Login Issue,2025-09-02 01:25:48,2025-09-03 14:25:48
TICK-50851,Vertex Logic Co,landerson@vertexlogic.com,Medium,Closed,Billing,2026-02-06 13:24:41,2026-02-08 19:24:41
TICK-50852,Apex Health,elijahm@apexhealth.com,Low,Closed,Integration,2026-04-21 03:59:58,2026-04-22 00:59:58
TICK-50853,Ironwood Digital Corp,alexanderw@ironwooddigital.com,Medium,Resolved,Data Sync,2025-11-28 04:53:50,2025-11-30 23:53:50
TICK-50854,Redwood Data,emman@redwooddata.com,Medium,Pending,Feature Request,2025-11-08 19:30:47,
TICK-50855,BLUERIVER SYSTEMS,davidb@blueriversystems.com,High,Closed,API Issue,2026-02-24 23:59:00,2026-02-28 20:59:00
TICK-50856,CloudForge Technologies,emma_scott@cloudforgetechnologies.com,Medium,Closed,Access Request,2025-11-29 09:09:03,2025-12-04 21:09:03
TICK-50857,SilverLine Technologies,lunan@silverlinetechnologies.com,Medium,Closed,Feature Request,2025-12-08 21:34:10,2025-12-13 03:34:10
TICK-50858, Everstone Systems ,evelyn_adams@everstonesystems.com,Medium,Open,Integration,2025-11-30 18:16:15,
TICK-50859,everstone technologies,loganm@everstonetechnologies.com,Low,Closed,Access Request,2026-03-26 04:28:29,2026-03-29 16:28:29
TICK-50860,SilverLine Solutions,olivia.walker@silverlinesolutions.com,Low,Resolved,Integration,2025-11-25 12:39:08,2025-12-01 09:39:08
TICK-50861, ClearBridge Ops ,james.lewis@clearbridgeops.com,Medium,Closed,Billing,2026-03-06 18:54:42,2026-03-11 21:54:42
TICK-50862,Vertex Works,lwright@vertexworks.com,Low,Pending,Bug Report,2025-10-19 01:53:39,
TICK-50863, ClearBridge Digital ,amelial@clearbridgedigital.com,Medium,Closed,Bug Report,2026-04-07 06:21:03,2026-04-14 02:21:03
TICK-50864,ClearBridge Software,chloe.young@clearbridgesoftware.com,Medium,Pending,Billing,2025-11-17 07:40:53,
TICK-50865,REDWOOD OPS,,High,Pending,Bug Report,2026-03-27 14:30:38,
TICK-50866,Velocity Technologies Corp,mmoore@velocitytechnologies.com,Low,Open,Billing,2026-04-09 23:06:58,
TICK-50867, CloudForge Cloud ,mia.nelson@cloudforgecloud.com,Low,Closed,Bug Report,2026-03-25 13:57:45,2026-03-28 10:57:45
TICK-50868,Ironwood Health,noahs@ironwoodhealth.com,Low,Resolved,Billing,2026-04-11 23:42:41,2026-04-12 22:42:41
TICK-50869,Everstone Systems,liamm@everstonesystems.com,Low,Closed,Billing,2025-09-22 19:57:48,2025-09-29 07:57:48
TICK-50870,Vertex Dynamics,luna_smith@vertexdynamics.com,Medium,Open,Access Request,2025-12-27 17:13:03,
TICK-50871, CedarPoint Sol ,benjamin.anderson@cedarpointsolutions.com,Urgent,Closed,Login Issue,2025-09-28 06:58:52,2025-09-29 13:58:52
TICK-50872,ClearBridge Works,ariag@clearbridgeworks.com,Medium,Open,Data Sync,2025-09-30 11:13:33,
TICK-50873,CloudForge Digital,,Urgent,Open,API Issue,2026-02-08 05:22:56,
TICK-50874,PrimeWave Ops,isabella.smith@primewaveops.com,Low,Open,Bug Report,2025-10-23 16:00:25,
TICK-50875,Greenfield Cloud Co,ethan_thomas@greenfieldcloud.com,Medium,Open,Bug Report,2026-01-03 15:54:19,
TICK-50876, SilverLine Health ,lunal@silverlinehealth.com,Medium,Closed,Access Request,2026-03-17 21:34:02,2026-03-21 18:34:02
TICK-50877,Ironwood Cloud Inc,ellay@ironwoodcloud.com,Low,Open,Data Sync,2026-01-28 19:28:06,
TICK-50878, ClearBridge Software ,liamb@clearbridgesoftware.com,Medium,Open,API Issue,2026-02-26 18:02:59,
TICK-50879,BlueRiver Cloud,,High,Closed,Login Issue,2025-09-10 11:18:02,2025-09-16 00:18:02
TICK-50880, SilverLine Digital LLC ,swalker@silverlinedigital.com,Low,Resolved,Bug Report,2025-10-17 09:14:03,2025-10-17 12:14:03
TICK-50881,Velocity Software,,Medium,Closed,Login Issue,2025-12-30 15:02:08,2026-01-05 07:02:08
TICK-50882,redwood cloud,nharris@redwoodcloud.com,High,Closed,Data Sync,2025-10-09 13:45:16,2025-10-13 07:45:16
TICK-50883, ClearBridge Works LLC ,henry.king@clearbridgeworks.com,Medium,Resolved,Feature Request,2025-10-10 10:15:01,2025-10-14 08:15:01
TICK-50884,CloudForge Dynamics,alexander.anderson@cloudforgedynamics.com,Low,Open,Integration,2025-12-20 17:43:57,
TICK-50885,ClearBridge Ops,sofia.allen@clearbridgeops.com,Urgent,Pending,Access Request,2026-01-22 10:56:23,
TICK-50886,Ironwood Labs,avah@ironwoodlabs.com,Medium,Closed,Billing,2025-11-26 18:21:11,2025-12-01 03:21:11
TICK-50887, PRIMEWAVE SOFTWARE ,emmaa@primewavesoftware.com,Medium,Closed,Integration,2026-04-16 19:32:54,2026-04-22 22:32:54
TICK-50888,Skyline Ops LLC,liam_brown@skylineops.com,Medium,Pending,Billing,2025-12-09 21:33:23,
TICK-50889,Redwood Digital,dscott@redwooddigital.com,High,Open,Billing,2025-12-12 14:39:22,
TICK-50890,summit systems,ljackson@summitsystems.com,Medium,Resolved,Data Sync,2025-12-13 05:51:40,2025-12-15 20:51:40
TICK-50891,BlueRiver Data,alexander_harris@blueriverdata.com,Low,Pending,Access Request,2025-10-06 16:19:34,
TICK-50892,Skyline Works,dbaker@skylineworks.com,High,Closed,Data Sync,2025-11-26 14:43:40,2025-11-28 22:43:40
TICK-50893,CedarPoint Cloud,james_scott@cedarpointcloud.com,Low,Pending,API Issue,2025-09-12 15:10:09,
TICK-50894,CedarPoint Dynamics LLC,aking@cedarpointdynamics.com,Medium,Open,API Issue,2025-12-21 00:45:10,
TICK-50895, Greenfield Logic ,dwright@greenfieldlogic.com,Low,Closed,Integration,2025-09-07 13:19:06,2025-09-08 22:19:06
TICK-50896,everstone works inc,daniel_allen@everstoneworks.com,High,Open,Data Sync,2025-11-28 07:20:10,
TICK-50897,VERTEX SOLUTIONS,,Medium,Resolved,Integration,2025-12-12 18:34:18,2025-12-13 12:34:18
TICK-50898,BrightPath Cloud,michael_green@brightpathcloud.com,Low,Open,Login Issue,2025-11-24 17:43:05,
TICK-50899,VERTEX ANALYTICS,evelyn.baker@vertexanalytics.com,Medium,Closed,Data Sync,2025-12-18 13:46:46,2025-12-22 09:46:46
TICK-50900,Greenfield Data,amelia.king@greenfielddata.com,Medium,Open,Login Issue,2025-10-13 06:51:50,
TICK-50901,Vertex Data LLC,noah_lewis@vertexdata.com,Low,Resolved,Bug Report,2026-02-27 13:09:08,2026-03-04 08:09:08
TICK-50902, Summit Works ,daniel.allen@summitworks.com,High,Pending,Integration,2026-03-12 19:37:27,
TICK-50903,BlueRiver Solutions,mason.adams@blueriversolutions.com,Medium,Resolved,Bug Report,2026-03-22 14:55:37,2026-03-24 06:55:37
TICK-50904,cloudforge systems,henryw@cloudforgesystems.com,High,Resolved,Data Sync,2026-03-04 08:59:34,2026-03-06 13:59:34
TICK-50905, Greenfield Logic Co ,isabella_thomas@greenfieldlogic.com,Medium,Resolved,Integration,2025-10-28 07:04:09,2025-11-01 13:04:09
TICK-50906,Ironwood Technologies,michael_scott@ironwoodtechnologies.com,High,Resolved,Login Issue,2026-01-14 15:38:44,2026-01-18 01:38:44
TICK-50907,clearbridge ops,ethan_johnson@clearbridgeops.com,High,Resolved,API Issue,2025-12-22 21:24:48,2025-12-24 10:24:48
TICK-50908,Apex Logic,hscott@apexlogic.com,Low,Closed,Login Issue,2026-02-15 10:48:36,2026-02-20 18:48:36
TICK-50909,NorthPeak Analytics,athomas@northpeakanalytics.com,Low,Closed,Feature Request,2026-02-11 11:31:01,2026-02-15 12:31:01
TICK-50910,Everstone Dynamics LLC,ELLAT@EVERSTONEDYNAMICS.COM,Urgent,Resolved,API Issue,2026-04-03 00:36:59,2026-04-04 13:36:59
TICK-50911,BrightPath Labs,lucas.adams@brightpathlabs.com,Medium,Open,Data Sync,2025-11-28 02:38:47,
TICK-50912, BRIGHTPATH DATA ,luna.moore@brightpathdata.com,High,Resolved,Bug Report,2025-11-19 01:25:15,2025-11-24 16:25:15
TICK-50913,Redwood Systems,cking@redwoodsystems.com,Urgent,Open,Data Sync,2025-12-07 23:27:01,
TICK-50914, NorthPeak Dynamics ,avah@northpeakdynamics.com,Medium,Resolved,Billing,2025-09-28 01:14:08,2025-10-02 04:14:08
TICK-50915, Skyline Digital ,ebrown@skylinedigital.com,Medium,Open,Billing,2025-11-06 15:58:30,
TICK-50916,CedarPoint Ops LLC,liamw@cedarpointops.com,High,Open,Integration,2025-09-13 16:18:40,
TICK-50917, SilverLine Health Inc ,benjamina@silverlinehealth.com,Medium,Pending,Login Issue,2025-10-04 17:52:01,
TICK-50918,SilverLine Digital,mia.scott@silverlinedigital.com,Medium,Resolved,Login Issue,2026-02-16 19:21:58,2026-02-17 06:21:58
TICK-50919,ClearBridge Partners,michael_walker@clearbridgepartners.com,Low,Open,Data Sync,2025-10-01 00:12:41,
TICK-50920,PrimeWave Dynamics,nharris@primewavedynamics.com,Medium,Closed,Integration,2026-02-26 18:47:25,2026-03-02 06:47:25
TICK-50921, PrimeWave Ops Corp ,awhite@primewaveops.com,Medium,Resolved,Access Request,2026-04-07 09:36:41,2026-04-12 21:36:41
TICK-50922,Velocity Partners Corp,ejohnson@velocitypartners.com,Medium,Open,Login Issue,2025-11-14 12:26:29,
TICK-50923,NorthPeak Labs,aharris@northpeaklabs.com,Urgent,Closed,Access Request,2026-01-16 19:19:07,2026-01-17 12:19:07
TICK-50924,nova dynamics,amelia_allen@novadynamics.com,High,Resolved,Data Sync,2025-08-28 19:53:22,2025-08-31 06:53:22
TICK-50925,PrimeWave Solutions Co,AVA.HALL@PRIMEWAVESOLUTIONS.COM,Low,Closed,Access Request,2025-08-26 03:48:00,2025-08-26 20:48:00
TICK-50926,Velocity Data,luna_taylor@velocitydata.com,Medium,Closed,Data Sync,2026-02-15 08:14:55,2026-02-16 10:14:55
TICK-50927,Apex Dynamics Co,logan.johnson@apexdynamics.com,Medium,Open,Integration,2025-11-24 19:32:38,
TICK-50928, Velocity Data ,mia.wright@velocitydata.com,Low,Open,Login Issue,2025-11-04 12:43:39,
TICK-50929,clearbridge systems,,Medium,Closed,API Issue,2026-03-05 03:11:46,2026-03-11 11:11:46
TICK-50930,Vertex Logic,chloeh@vertexlogic.com,High,Resolved,API Issue,2026-01-08 03:13:22,2026-01-10 10:13:22
TICK-50931,PrimeWave Works,mia_jackson@primewaveworks.com,Low,Resolved,Integration,2025-12-13 21:44:31,2025-12-18 23:44:31
TICK-50932,Apex Partners,lclark@apexpartners.com,High,Resolved,Bug Report,2026-03-05 21:57:45,2026-03-10 07:57:45
TICK-50933, BRIGHTPATH HEALTH ,noah_king@brightpathhealth.com,Medium,Closed,API Issue,2025-09-10 00:47:28,2025-09-11 14:47:28
TICK-50934,Everstone Dynamics LLC,evelyn.nelson@everstonedynamics.com,High,Resolved,Integration,2025-10-09 05:10:59,2025-10-16 05:10:59
TICK-50935, PrimeWave Cloud Group ,liam.wright@primewavecloud.com,Medium,Closed,Billing,2025-09-29 10:55:54,2025-09-30 02:55:54
TICK-50936,Nova Networks,alexandera@novanetworks.com,Medium,Resolved,Integration,2026-03-18 07:01:57,2026-03-20 20:01:57
TICK-50937, ClearBridge Analytics Inc ,mason_walker@clearbridgeanalytics.com,Urgent,Resolved,Bug Report,2026-02-13 23:07:31,2026-02-14 23:07:31
TICK-50938, SilverLine Technologies ,ariaj@silverlinetechnologies.com,High,Closed,Integration,2026-02-19 22:29:59,2026-02-22 17:29:59
TICK-50939,ClearBridge Software,averys@clearbridgesoftware.com,Medium,Resolved,Feature Request,2026-04-20 17:58:04,2026-04-22 22:58:04
TICK-50940,Summit Works,david_allen@summitworks.com,Medium,Closed,Integration,2025-09-05 21:50:32,2025-09-07 01:50:32
TICK-50941, Skyline Dynamics Corp ,noah_brown@skylinedynamics.com,High,Resolved,Billing,2026-03-25 06:59:15,2026-03-29 03:59:15
TICK-50942,BLUERIVER SOLUTIONS,mial@blueriversolutions.com,Medium,Resolved,Feature Request,2025-11-09 08:27:53,2025-11-13 15:27:53
TICK-50943,CloudForge Cloud,ethan_harris@cloudforgecloud.com,Medium,Open,Billing,2026-03-21 16:25:58,
TICK-50944,PrimeWave Digital,elijah.hall@primewavedigital.com,Urgent,Closed,Feature Request,2025-09-06 02:55:06,2025-09-09 06:55:06
TICK-50945,VERTEX TECHNOLOGIES,avery.brown@vertextechnologies.com,Medium,Closed,API Issue,2026-01-09 00:22:44,2026-01-14 18:22:44
TICK-50946,silverline health,sofia_green@silverlinehealth.com,Medium,Resolved,Billing,2026-02-15 09:50:15,2026-02-20 16:50:15
TICK-50947,PrimeWave Dynamics Group,liama@primewavedynamics.com,Medium,Pending,Login Issue,2026-03-10 16:47:56,
TICK-50948,ClearBridge Analytics LLC,amelia.smith@clearbridgeanalytics.com,Medium,Open,Access Request,2026-03-31 12:33:07,
TICK-50949,Everstone Ops Co,isabellaj@everstoneops.com,High,Resolved,Access Request,2025-11-26 15:15:05,2025-12-03 11:15:05
TICK-50950,Everstone Cloud,henrym@everstonecloud.com,Urgent,Resolved,Data Sync,2025-09-14 00:48:46,2025-09-19 20:48:46
TICK-50951,Greenfield Logic,lyoung@greenfieldlogic.com,High,Open,Access Request,2026-03-13 09:27:42,
TICK-50952,Summit Labs,,Medium,Closed,API Issue,2026-02-10 08:23:49,2026-02-13 14:23:49
TICK-50953,APEX SYSTEMS,benjaminb@apexsystems.com,High,Closed,Bug Report,2026-01-31 09:11:49,2026-02-06 23:11:49
TICK-50954,PrimeWave Digital Inc,lscott@primewavedigital.com,Low,Pending,Billing,2025-09-17 20:50:32,
TICK-50955,Summit Logic,lucasw@summitlogic.com,Low,Resolved,Feature Request,2026-02-23 06:26:23,2026-02-28 13:26:23
TICK-50956, Apex Cloud ,james.adams@apexcloud.com,Urgent,Open,Bug Report,2026-01-10 08:20:05,
TICK-50957,Apex Systems LLC,alexander.moore@apexsystems.com,Medium,Closed,Access Request,2025-11-24 01:00:40,2025-11-29 08:00:40
TICK-50958,ClearBridge Data,HARPERB@CLEARBRIDGEDATA.COM,Urgent,Resolved,Bug Report,2025-10-22 14:14:19,2025-10-26 17:14:19
TICK-50959,BrightPath Data,mwright@brightpathdata.com,Medium,Closed,Billing,2026-02-09 06:24:49,2026-02-15 18:24:49
TICK-50960,summit data,harper.king@summitdata.com,Medium,Open,Data Sync,2026-02-04 00:29:34,
TICK-50961,CedarPoint Sys,,Medium,Closed,Billing,2025-10-29 12:08:16,2025-11-01 07:08:16
TICK-50962, NorthPeak Systems ,luna.martin@northpeaksystems.com,Low,Pending,Feature Request,2026-04-04 11:52:10,
TICK-50963,CedarPoint Systems LLC,lucas_anderson@cedarpointsystems.com,Medium,Closed,Billing,2026-04-21 18:52:33,2026-04-27 14:52:33
TICK-50964,Apex Digital,MIAB@APEXDIGITAL.COM,Low,Pending,Integration,2026-03-08 17:19:11,
TICK-50965,PRIMEWAVE WORKS,samuelc@primewaveworks.com,Medium,Pending,Login Issue,2025-11-29 09:24:51,
TICK-50966,SilverLine Health,lunas@silverlinehealth.com,High,Resolved,Login Issue,2025-11-12 14:49:27,2025-11-15 07:49:27
TICK-50967, Apex Technologies ,elijah_baker@apextechnologies.com,High,Resolved,API Issue,2025-08-31 20:50:29,2025-09-07 03:50:29
TICK-50968,Velocity Dynamics Group,emma_nelson@velocitydynamics.com,High,Open,Data Sync,2026-04-21 08:02:57,
TICK-50969,SilverLine Technologies,nclark@silverlinetechnologies.com,Low,Open,Integration,2026-03-01 17:13:02,
TICK-50970,Everstone Partners,,High,Pending,Bug Report,2025-12-02 11:47:03,
TICK-50971,NorthPeak Labs Inc,ethan_young@northpeaklabs.com,High,Closed,Feature Request,2026-01-07 04:35:00,2026-01-09 01:35:00
TICK-50972,GREENFIELD TECHNOLOGIES,,Medium,Resolved,Integration,2025-09-21 10:54:34,2025-09-23 01:54:34
TICK-50973,CloudForge Dynamics Group,SOPHIAK@CLOUDFORGEDYNAMICS.COM,High,Pending,Login Issue,2025-12-12 18:59:05,
TICK-50974, Apex Logic ,camila_martin@apexlogic.com,Medium,Resolved,Billing,2026-01-22 22:12:53,2026-01-29 19:12:53
TICK-50975,BRIGHTPATH PARTNERS,HENRY_WALKER@BRIGHTPATHPARTNERS.COM,Low,Resolved,Login Issue,2026-03-11 21:44:20,2026-03-15 05:44:20
TICK-50976, ClearBridge Partners Co ,ellaj@clearbridgepartners.com,High,Pending,Bug Report,2025-11-27 12:00:03,
TICK-50977,Velocity Labs LLC,samuel_anderson@velocitylabs.com,Low,Closed,Data Sync,2025-12-04 12:40:55,2025-12-09 01:40:55
TICK-50978,APEX LOGIC,sofia.lewis@apexlogic.com,Medium,Closed,Login Issue,2025-10-19 15:12:30,2025-10-22 06:12:30
TICK-50979,PrimeWave Solutions,SAMUELN@PRIMEWAVESOLUTIONS.COM,Urgent,Closed,Bug Report,2026-03-25 04:24:42,2026-03-30 20:24:42
TICK-50980,greenfield technologies,HWALKER@GREENFIELDTECHNOLOGIES.COM,Medium,Closed,Login Issue,2026-01-24 13:47:50,2026-01-26 12:47:50
TICK-50981, CedarPoint Software Corp ,daniel_taylor@cedarpointsoftware.com,Medium,Pending,Access Request,2025-11-05 19:12:17,
TICK-50982,ClearBridge Ops,daniel.johnson@clearbridgeops.com,Medium,Pending,API Issue,2025-11-17 19:02:38,
TICK-50983, EVERSTONE SYSTEMS ,EBAKER@EVERSTONESYSTEMS.COM,High,Closed,Login Issue,2025-10-21 00:46:01,2025-10-27 10:46:01
TICK-50984,PrimeWave Health Inc,amelia_jackson@primewavehealth.com,High,Resolved,Feature Request,2026-03-24 16:43:08,2026-03-26 02:43:08
TICK-50985,cedarpoint works,chloe_wright@cedarpointworks.com,Low,Resolved,Data Sync,2026-02-15 19:06:03,2026-02-21 10:06:03
TICK-50986,ClearBridge Systems Inc,sophia.king@clearbridgesystems.com,Medium,Pending,Integration,2026-02-03 21:02:35,
TICK-50987,apex health,sophia_thomas@apexhealth.com,Medium,Open,Integration,2026-01-31 03:48:15,
TICK-50988,SilverLine Digital Inc,benjamin.young@silverlinedigital.com,Medium,Resolved,Integration,2026-03-31 10:19:02,2026-04-01 10:19:02
TICK-50989,CedarPoint Data,dadams@cedarpointdata.com,High,Open,Bug Report,2025-10-31 10:18:57,
TICK-50990,Velocity Works,sbaker@velocityworks.com,High,Closed,Login Issue,2026-04-16 13:06:10,2026-04-19 05:06:10
TICK-50991,Greenfield Labs Co,lucasa@greenfieldlabs.com,Low,Closed,Bug Report,2026-02-28 20:33:02,2026-03-03 05:33:02
TICK-50992,Everstone Dynamics,HADAMS@EVERSTONEDYNAMICS.COM,High,Closed,Bug Report,2026-02-05 05:19:11,2026-02-06 10:19:11
TICK-50993,PrimeWave Digital,MICHAEL.MOORE@PRIMEWAVEDIGITAL.COM,Low,Open,Data Sync,2025-11-24 12:19:29,
TICK-50994,Summit Logic,ARIAA@SUMMITLOGIC.COM,High,Pending,Feature Request,2025-12-22 12:20:33,
TICK-50995,NorthPeak Data Corp,obrown@northpeakdata.com,Medium,Resolved,Billing,2025-09-30 19:54:46,2025-10-06 07:54:46
TICK-50996,Redwood Cloud Group,agreen@redwoodcloud.com,High,Pending,Integration,2025-11-03 17:43:12,
TICK-50997,Summit Solutions,ava.taylor@summitsolutions.com,High,Resolved,API Issue,2025-11-24 21:01:59,2025-11-28 05:01:59
TICK-50998,Velocity Data,ellaj@velocitydata.com,Medium,Pending,Bug Report,2025-12-12 06:48:20,
TICK-50999,ClearBridge Software,sophia_white@clearbridgesoftware.com,Medium,Closed,Feature Request,2026-04-20 16:14:58,2026-04-23 18:14:58
TICK-51000,Apex Partners Corp,,Medium,Resolved,API Issue,2025-09-16 09:41:43,2025-09-18 08:41:43
TICK-51001,Nova Software,michael_walker@novasoftware.com,Medium,Pending,Integration,2026-02-28 06:09:28,
TICK-51002,PrimeWave Data,charlottea@primewavedata.com,Medium,Closed,Bug Report,2025-09-01 00:58:11,2025-09-03 13:58:11
TICK-51003,BrightPath Ops,mjackson@brightpathops.com,High,Resolved,Feature Request,2026-03-14 16:01:26,2026-03-17 04:01:26
TICK-51004,SilverLine Ops,hlewis@silverlineops.com,High,Pending,Feature Request,2025-11-01 23:28:49,
TICK-51005,PrimeWave Data,ava_martin@primewavedata.com,Medium,Closed,Bug Report,2025-12-09 08:36:35,2025-12-14 12:36:35
TICK-51006,SilverLine Systems,evelyn.johnson@silverlinesystems.com,High,Closed,Data Sync,2025-10-13 02:56:30,2025-10-18 17:56:30
TICK-51007,BRIGHTPATH TECHNOLOGIES INC,lunah@brightpathtechnologies.com,Medium,Resolved,Login Issue,2026-01-19 06:11:16,2026-01-23 23:11:16
TICK-51008,PrimeWave Health,chloe_adams@primewavehealth.com,Medium,Closed,Billing,2025-09-04 22:52:08,2025-09-07 07:52:08
TICK-51009,Velocity Dynamics,ijackson@velocitydynamics.com,High,Pending,Bug Report,2025-10-01 23:38:06,
TICK-51010,Apex Technologies Co,cadams@apextechnologies.com,Medium,Resolved,Feature Request,2025-09-01 04:39:47,2025-09-05 14:39:47
TICK-51011,Summit Technologies,liama@summittechnologies.com,Medium,Pending,Bug Report,2025-10-13 00:48:20,
TICK-51012,Redwood Digital,iwright@redwooddigital.com,High,Resolved,Billing,2025-09-22 10:33:36,2025-09-25 03:33:36
TICK-51013, Apex Systems ,avery_king@apexsystems.com,Low,Closed,Access Request,2025-09-25 14:15:30,2025-09-27 04:15:30
TICK-51014,SilverLine Systems,emma_moore@silverlinesystems.com,Medium,Resolved,Data Sync,2026-01-08 18:24:25,2026-01-13 21:24:25
TICK-51015,EVERSTONE SYSTEMS,obaker@everstonesystems.com,High,Pending,Access Request,2025-11-28 17:27:48,
TICK-51016,NORTHPEAK ANALYTICS,awalker@northpeakanalytics.com,Urgent,Closed,Access Request,2025-12-12 10:48:43,2025-12-17 10:48:43
TICK-51017, Everstone Dynamics ,loganb@everstonedynamics.com,High,Closed,Billing,2025-12-06 15:14:28,2025-12-10 16:14:28
TICK-51018,Apex Logic Corp,camila_king@apexlogic.com,Low,Resolved,Feature Request,2025-11-26 22:47:01,2025-12-01 23:47:01
TICK-51019,Everstone Labs Co,benjamin.smith@everstonelabs.com,Medium,Closed,Bug Report,2026-02-24 17:20:10,2026-03-03 17:20:10
TICK-51020, CedarPoint Systems LLC ,alexander_green@cedarpointsystems.com,Urgent,Pending,Billing,2025-12-06 00:33:55,
TICK-51021,NOVA ANALYTICS,mia.brown@novaanalytics.com,Medium,Resolved,Data Sync,2025-12-04 19:04:57,2025-12-10 23:04:57
TICK-51022,Everstone Digital,sophiab@everstonedigital.com,Medium,Open,Login Issue,2025-09-25 22:29:32,
TICK-51023,cloudforge ops,logan_nelson@cloudforgeops.com,High,Resolved,API Issue,2026-01-31 07:47:38,2026-01-31 09:47:38
TICK-51024,CloudForge Technologies LLC,ella.johnson@cloudforgetechnologies.com,High,Pending,Feature Request,2026-01-29 16:12:46,
TICK-51025,ClearBridge Cloud Inc,LTHOMAS@CLEARBRIDGECLOUD.COM,Medium,Resolved,Login Issue,2026-02-28 14:29:18,2026-03-07 07:29:18
TICK-51026,ironwood labs,alexandert@ironwoodlabs.com,High,Resolved,API Issue,2026-02-17 23:08:30,2026-02-23 09:08:30
TICK-51027,CedarPoint Systems,daniel.clark@cedarpointsystems.com,Low,Closed,Login Issue,2025-11-21 11:23:58,2025-11-26 16:23:58
TICK-51028,ClearBridge Dynamics,ejohnson@clearbridgedynamics.com,Urgent,Open,Feature Request,2026-01-15 01:18:56,
TICK-51029,NorthPeak Labs,ethan.harris@northpeaklabs.com,Medium,Resolved,Feature Request,2025-10-29 21:28:16,2025-11-04 04:28:16
TICK-51030,Skyline Technologies,sscott@skylinetechnologies.com,High,Pending,Billing,2025-10-07 16:27:51,
TICK-51031,Velocity Technologies,olivia_jackson@velocitytechnologies.com,Medium,Closed,Integration,2025-09-16 06:45:21,2025-09-22 00:45:21
TICK-51032,Summit Data,harperb@summitdata.com,High,Closed,Feature Request,2025-09-14 22:27:33,2025-09-16 02:27:33
TICK-51033,velocity labs,ethan.martin@velocitylabs.com,Urgent,Closed,Data Sync,2025-11-09 18:21:13,2025-11-10 12:21:13
TICK-51034,Velocity Labs Co,ethan_hall@velocitylabs.com,Medium,Resolved,Login Issue,2026-04-21 03:38:48,2026-04-24 13:38:48
TICK-51035,ClearBridge Digital Group,lharris@clearbridgedigital.com,High,Closed,Data Sync,2026-01-30 15:27:16,2026-02-06 02:27:16
TICK-51036,Velocity Works,eadams@velocityworks.com,High,Open,Access Request,2026-04-21 21:48:16,
TICK-51037,Greenfield Health Co,MICHAEL_SCOTT@GREENFIELDHEALTH.COM,Medium,Open,API Issue,2026-01-28 21:30:01,
TICK-51038,Skyline Health,ASMITH@SKYLINEHEALTH.COM,Low,Resolved,Integration,2026-01-09 07:36:48,2026-01-10 18:36:48
TICK-51039,Vertex Works,sofiab@vertexworks.com,Urgent,Closed,Data Sync,2026-02-21 13:48:08,2026-02-23 04:48:08
TICK-51040,NorthPeak Logic,nthomas@northpeaklogic.com,Medium,Open,Feature Request,2026-01-20 08:23:52,
TICK-51041,CedarPoint Logic,miag@cedarpointlogic.com,Low,Open,Access Request,2026-04-07 19:34:44,
TICK-51042, Greenfield Partners ,michael_clark@greenfieldpartners.com,Low,Closed,API Issue,2026-03-11 06:37:28,2026-03-16 01:37:28
TICK-51043,SilverLine Sol,,Medium,Closed,Billing,2025-09-03 16:14:02,2025-09-04 19:14:02
TICK-51044,Skyline Cloud,alexandert@skylinecloud.com,Medium,Open,Login Issue,2026-03-11 09:14:24,
TICK-51045,BlueRiver Cloud,ellam@bluerivercloud.com,Medium,Closed,Integration,2026-02-20 05:22:26,2026-02-20 19:22:26
TICK-51046,nova dynamics,chloe_young@novadynamics.com,Medium,Resolved,API Issue,2026-01-25 16:27:45,2026-01-31 16:27:45
TICK-51047,Ironwood Digital Group,ataylor@ironwooddigital.com,Medium,Closed,Data Sync,2026-03-17 19:56:21,2026-03-23 14:56:21
TICK-51048,NorthPeak Labs,davidj@northpeaklabs.com,Medium,Resolved,Integration,2026-03-06 01:15:39,2026-03-12 15:15:39
TICK-51049,PrimeWave Health,sofiab@primewavehealth.com,High,Pending,Bug Report,2026-02-27 04:54:29,
TICK-51050,Apex Dynamics,lunah@apexdynamics.com,Medium,Resolved,Feature Request,2026-01-22 13:13:51,2026-01-24 07:13:51
TICK-51051, BlueRiver Analytics Inc ,charlotte_taylor@blueriveranalytics.com,Low,Closed,Login Issue,2026-01-11 20:09:17,2026-01-16 13:09:17
TICK-51052,Vertex Technologies,ethan_wright@vertextechnologies.com,High,Closed,API Issue,2025-11-08 04:05:01,2025-11-09 03:05:01
TICK-51053,Nova Solutions,chloe.walker@novasolutions.com,Low,Resolved,Feature Request,2026-01-20 22:04:19,2026-01-21 12:04:19
TICK-51054, silverline data ,david_lewis@silverlinedata.com,Medium,Resolved,Data Sync,2026-02-12 01:56:21,2026-02-16 02:56:21
TICK-51055,SilverLine Digital,,Low,Closed,API Issue,2025-12-07 13:12:48,2025-12-11 22:12:48
TICK-51056,Nova Data Inc,chall@novadata.com,Medium,Closed,Integration,2026-03-19 20:12:21,2026-03-23 15:12:21
TICK-51057,Vertex Works LLC,ariah@vertexworks.com,Medium,Closed,Data Sync,2025-11-29 05:32:00,2025-12-04 14:32:00
TICK-51058,BrightPath Health,samuel.harris@brightpathhealth.com,Low,Resolved,Bug Report,2026-02-14 20:50:16,2026-02-15 03:50:16
TICK-51059,Greenfield Technologies,aharris@greenfieldtechnologies.com,Medium,Closed,Access Request,2025-10-02 00:09:06,2025-10-08 12:09:06
TICK-51060,SilverLine Works,michael.harris@silverlineworks.com,Urgent,Resolved,Data Sync,2026-02-12 14:26:25,2026-02-16 09:26:25
TICK-51061,NorthPeak Solutions,awalker@northpeaksolutions.com,High,Resolved,Bug Report,2026-02-24 13:17:30,2026-02-25 17:17:30
TICK-51062,Apex Cloud Co,aria.hall@apexcloud.com,Medium,Open,Login Issue,2026-01-07 00:25:38,
TICK-51063, CedarPoint Analytics ,jamest@cedarpointanalytics.com,Medium,Resolved,Login Issue,2025-12-05 15:27:45,2025-12-10 20:27:45
TICK-51064,VERTEX DATA LLC,ehall@vertexdata.com,High,Pending,Feature Request,2026-03-21 02:30:48,
TICK-51065,SilverLine Digital Group,henry.clark@silverlinedigital.com,Medium,Pending,Bug Report,2026-04-14 21:31:16,
TICK-51066, NorthPeak Works ,ariat@northpeakworks.com,High,Pending,Integration,2025-08-26 11:06:35,
TICK-51067, ClearBridge Works ,asmith@clearbridgeworks.com,Low,Resolved,Access Request,2025-10-13 01:52:03,2025-10-16 12:52:03
TICK-51068, Ironwood Cloud ,sophia.hall@ironwoodcloud.com,Medium,Resolved,Feature Request,2026-04-21 21:00:50,2026-04-22 09:00:50
TICK-51069,CedarPoint Data,lucast@cedarpointdata.com,Urgent,Pending,Data Sync,2025-10-02 17:45:45,
TICK-51070,silverline digital llc,,High,Pending,Login Issue,2025-11-26 23:57:50,
TICK-51071,Apex Logic,logan.moore@apexlogic.com,Urgent,Resolved,Feature Request,2025-11-09 00:23:25,2025-11-09 21:23:25
TICK-51072,Nova Solutions,logan.young@novasolutions.com,Medium,Resolved,Data Sync,2026-04-03 05:38:09,2026-04-03 23:38:09
TICK-51073,Everstone Ops,nyoung@everstoneops.com,High,Closed,Login Issue,2026-03-31 11:51:56,2026-04-04 16:51:56
TICK-51074, ClearBridge Digital LLC ,michael.walker@clearbridgedigital.com,Low,Closed,Data Sync,2026-03-10 11:14:41,2026-03-16 02:14:41
TICK-51075,Everstone Analytics,lucash@everstoneanalytics.com,Low,Resolved,Feature Request,2025-10-06 18:07:32,2025-10-13 16:07:32
TICK-51076, CLEARBRIDGE CLOUD ,sophiaa@clearbridgecloud.com,Medium,Closed,Login Issue,2025-12-14 23:06:52,2025-12-16 05:06:52
TICK-51077,Velocity Works,lunay@velocityworks.com,Urgent,Open,Bug Report,2026-04-13 01:46:57,
TICK-51078,Skyline Health Corp,masonh@skylinehealth.com,High,Pending,Data Sync,2026-03-16 13:05:29,
TICK-51079,ClearBridge Works Corp,ava_walker@clearbridgeworks.com,High,Closed,Login Issue,2026-02-23 18:17:53,2026-02-24 07:17:53
TICK-51080,ClearBridge Analytics,,High,Open,Integration,2026-02-03 07:18:52,
TICK-51081,CLOUDFORGE LOGIC,michaelw@cloudforgelogic.com,High,Closed,Integration,2025-11-21 13:48:17,2025-11-23 08:48:17
TICK-51082,PrimeWave Data,chloe.wright@primewavedata.com,High,Pending,Access Request,2025-09-02 16:01:44,
TICK-51083,CEDARPOINT DATA,olivian@cedarpointdata.com,Low,Open,Feature Request,2025-09-15 08:19:20,
TICK-51084, PrimeWave Ops Inc ,dnelson@primewaveops.com,High,Resolved,Access Request,2025-09-20 17:55:14,2025-09-27 14:55:14
TICK-51085,EVERSTONE OPS,danielm@everstoneops.com,Medium,Resolved,Feature Request,2025-12-11 01:17:40,2025-12-12 15:17:40
TICK-51086,Everstone Analytics LLC,clewis@everstoneanalytics.com,Medium,Pending,Integration,2026-02-28 03:40:11,
TICK-51087, ironwood logic ,samuel.wright@ironwoodlogic.com,Low,Pending,Billing,2026-04-04 15:00:33,
TICK-51088,Greenfield Cloud,cbrown@greenfieldcloud.com,Medium,Resolved,Feature Request,2026-02-01 06:33:46,2026-02-01 22:33:46
TICK-51089,Vertex Dynamics,chloe_taylor@vertexdynamics.com,Urgent,Resolved,Access Request,2025-11-26 13:51:05,2025-12-02 14:51:05
TICK-51090,CedarPoint Works,samuel.martin@cedarpointworks.com,Medium,Closed,Bug Report,2025-11-24 06:57:10,2025-12-01 03:57:10
TICK-51091,northpeak networks,logan.king@northpeaknetworks.com,Low,Closed,Feature Request,2025-10-09 21:40:10,2025-10-13 04:40:10
TICK-51092,ClearBridge Works Inc,ellaw@clearbridgeworks.com,Medium,Resolved,Feature Request,2025-10-27 17:22:20,2025-11-01 15:22:20
TICK-51093,PrimeWave Software,aanderson@primewavesoftware.com,Medium,Resolved,Bug Report,2026-01-05 07:50:51,2026-01-10 20:50:51
TICK-51094,Velocity Dynamics,camila_johnson@velocitydynamics.com,Low,Resolved,Data Sync,2026-01-20 09:32:14,2026-01-24 04:32:14
TICK-51095,BlueRiver Works LLC,avery_hall@blueriverworks.com,Medium,Open,Access Request,2026-02-26 17:33:17,
TICK-51096,Greenfield Data,averym@greenfielddata.com,Low,Open,Integration,2025-09-27 21:33:15,
TICK-51097,Redwood Works Co,msmith@redwoodworks.com,Urgent,Open,Data Sync,2025-11-23 18:22:27,
TICK-51098,CloudForge Cloud,davids@cloudforgecloud.com,Medium,Resolved,Access Request,2025-12-04 03:48:42,2025-12-04 05:48:42
TICK-51099,vertex solutions,michaelj@vertexsolutions.com,Medium,Open,Billing,2025-09-13 14:11:29,
TICK-51100,Everstone Cloud,charlotte.anderson@everstonecloud.com,High,Pending,Data Sync,2025-10-29 11:30:28,
TICK-51101, BLUERIVER WORKS ,,Urgent,Resolved,Login Issue,2026-03-19 13:51:09,2026-03-24 09:51:09
TICK-51102,Summit Cloud,bwright@summitcloud.com,Low,Resolved,API Issue,2025-12-30 08:23:02,2026-01-03 20:23:02
TICK-51103,BrightPath Digital,camila.thomas@brightpathdigital.com,Medium,Pending,Access Request,2026-04-03 01:58:47,
TICK-51104, BrightPath Sys Inc ,liam_thomas@brightpathsystems.com,High,Pending,Feature Request,2025-09-02 06:16:11,
TICK-51105,greenfield technologies,david_jackson@greenfieldtechnologies.com,High,Closed,Billing,2026-01-15 02:17:44,2026-01-15 21:17:44
TICK-51106,SilverLine Technologies Corp,david_baker@silverlinetechnologies.com,Urgent,Pending,Integration,2025-10-02 15:58:37,
TICK-51107,BrightPath Works,handerson@brightpathworks.com,Urgent,Resolved,API Issue,2025-08-30 22:26:43,2025-09-03 23:26:43
TICK-51108,Velocity Cloud,logann@velocitycloud.com,Urgent,Resolved,Access Request,2025-10-16 23:58:29,2025-10-17 20:58:29
TICK-51109,Greenfield Solutions,JAMES.CLARK@GREENFIELDSOLUTIONS.COM,Urgent,Open,Access Request,2025-10-16 02:05:33,
TICK-51110,BrightPath Health Group,samuelw@brightpathhealth.com,Medium,Resolved,Integration,2025-12-08 01:36:03,2025-12-10 05:36:03
TICK-51111,Velocity Partners,amelia_johnson@velocitypartners.com,High,Open,Integration,2026-02-14 00:31:32,
TICK-51112,Velocity Systems,james.clark@velocitysystems.com,High,Open,Integration,2026-02-01 18:07:10,
TICK-51113,PrimeWave Networks Co,samuelt@primewavenetworks.com,High,Resolved,Feature Request,2026-02-10 09:01:07,2026-02-15 09:01:07
TICK-51114, VERTEX DIGITAL ,davida@vertexdigital.com,Medium,Pending,Billing,2025-10-07 13:48:46,
TICK-51115, Everstone Works ,samuel_wright@everstoneworks.com,Medium,Open,API Issue,2025-12-19 00:13:28,
TICK-51116,SilverLine Ops Group,jamesc@silverlineops.com,Medium,Resolved,Billing,2025-10-29 21:31:06,2025-10-31 10:31:06
TICK-51117,CedarPoint Solutions Co,mason.taylor@cedarpointsolutions.com,High,Open,Billing,2026-01-01 16:51:36,
TICK-51118, ClearBridge Analytics ,danielm@clearbridgeanalytics.com,Urgent,Resolved,Feature Request,2025-09-20 06:38:54,2025-09-21 16:38:54
TICK-51119,Vertex Analytics,samuelb@vertexanalytics.com,Medium,Resolved,Feature Request,2026-02-03 18:41:19,2026-02-08 23:41:19
TICK-51120,ClearBridge Software,noah.wright@clearbridgesoftware.com,Medium,Resolved,Access Request,2025-09-11 07:37:38,2025-09-12 21:37:38
TICK-51121, PRIMEWAVE OPS ,emmaa@primewaveops.com,Urgent,Pending,Bug Report,2025-12-29 21:44:07,
TICK-51122,Velocity Logic,daniel_baker@velocitylogic.com,Low,Resolved,Access Request,2025-11-20 23:19:02,2025-11-24 07:19:02
TICK-51123,Vertex Works,evelyn.martin@vertexworks.com,Low,Pending,Integration,2025-11-20 02:47:43,
TICK-51124,northpeak systems group,harpera@northpeaksystems.com,Medium,Open,Feature Request,2025-12-24 05:05:43,
TICK-51125,BlueRiver Analytics,MASONA@BLUERIVERANALYTICS.COM,Urgent,Open,Bug Report,2026-01-27 23:37:18,
TICK-51126,clearbridge analytics group,lucasg@clearbridgeanalytics.com,Medium,Pending,Billing,2025-09-15 01:18:12,
TICK-51127,SilverLine Digital,miam@silverlinedigital.com,Medium,Open,Access Request,2026-03-14 11:10:44,
TICK-51128,Apex Cloud,sofia.allen@apexcloud.com,Low,Resolved,Data Sync,2026-01-02 03:03:19,2026-01-05 13:03:19
TICK-51129,NorthPeak Software LLC,oliviab@northpeaksoftware.com,Medium,Open,Billing,2026-02-01 03:52:36,
TICK-51130,Everstone Digital LLC,sofia_baker@everstonedigital.com,High,Resolved,Billing,2026-04-18 12:17:06,2026-04-22 16:17:06
TICK-51131,primewave works,isabella.walker@primewaveworks.com,Low,Open,Data Sync,2025-09-11 20:54:42,
TICK-51132, CedarPoint Analytics ,mason.king@cedarpointanalytics.com,Medium,Pending,Feature Request,2025-10-09 05:32:33,
TICK-51133,CEDARPOINT PARTNERS CORP,alewis@cedarpointpartners.com,Medium,Resolved,Bug Report,2025-09-08 09:31:19,2025-09-12 12:31:19
TICK-51134,Summit Technologies Inc,benjamin_clark@summittechnologies.com,Medium,Resolved,Feature Request,2025-10-24 16:06:37,2025-10-29 15:06:37
TICK-51135,CloudForge Systems,iscott@cloudforgesystems.com,Medium,Pending,Feature Request,2025-12-02 21:10:36,
TICK-51136,Greenfield Data Group,henry.taylor@greenfielddata.com,Low,Pending,Billing,2026-03-31 16:13:03,
TICK-51137,CedarPoint Partners,lucas.johnson@cedarpointpartners.com,Medium,Open,Integration,2026-02-12 04:22:51,
TICK-51138,northpeak logic,henry_adams@northpeaklogic.com,Low,Open,Billing,2025-11-11 10:17:57,
TICK-51139,BLUERIVER NETWORKS,alexander.harris@bluerivernetworks.com,Urgent,Closed,Integration,2026-01-18 08:21:05,2026-01-21 12:21:05
TICK-51140,BlueRiver Solutions,mason_young@blueriversolutions.com,High,Resolved,Billing,2026-03-06 08:24:16,2026-03-11 07:24:16
TICK-51141,Greenfield Systems Inc,dharris@greenfieldsystems.com,Urgent,Open,Data Sync,2026-04-08 02:01:20,
TICK-51142, Everstone Digital ,lucas_young@everstonedigital.com,Medium,Resolved,Billing,2025-12-09 03:51:38,2025-12-13 08:51:38
TICK-51143,primewave labs,,High,Pending,Billing,2025-10-14 04:58:59,
TICK-51144,ClearBridge Data,amelia.young@clearbridgedata.com,Medium,Closed,Bug Report,2025-10-04 10:58:49,2025-10-11 05:58:49
TICK-51145,Apex Systems,liam_wright@apexsystems.com,Medium,Resolved,Bug Report,2025-12-10 16:35:38,2025-12-17 07:35:38
TICK-51146,Greenfield Labs,cadams@greenfieldlabs.com,Low,Open,Login Issue,2025-08-31 11:38:48,
TICK-51147,Apex Cloud,lucas_lewis@apexcloud.com,Low,Open,Bug Report,2026-03-20 17:37:28,
TICK-51148,CloudForge Networks,etaylor@cloudforgenetworks.com,Medium,Closed,Integration,2025-09-30 15:52:45,2025-10-06 18:52:45
TICK-51149,ClearBridge Works,chloeb@clearbridgeworks.com,Urgent,Closed,Feature Request,2025-09-19 08:25:14,2025-09-21 18:25:14
TICK-51150,EVERSTONE ANALYTICS,elijah.hall@everstoneanalytics.com,Medium,Open,Login Issue,2025-11-23 14:54:11,
TICK-51151,CloudForge Digital,ojohnson@cloudforgedigital.com,Medium,Resolved,Access Request,2026-03-09 04:56:25,2026-03-11 12:56:25
TICK-51152,BlueRiver Data,ljohnson@blueriverdata.com,Medium,Closed,Integration,2025-12-08 02:54:44,2025-12-13 00:54:44
TICK-51153, PrimeWave Ops ,daniell@primewaveops.com,High,Open,Feature Request,2026-04-19 00:49:23,
TICK-51154,Vertex Software Inc,liam_clark@vertexsoftware.com,High,Resolved,API Issue,2025-09-20 02:50:54,2025-09-26 02:50:54
TICK-51155,Apex Technologies,michael.white@apextechnologies.com,Medium,Pending,Bug Report,2025-11-21 10:44:25,
TICK-51156,CloudForge Ops,agreen@cloudforgeops.com,Urgent,Resolved,Integration,2025-12-01 17:25:24,2025-12-06 18:25:24
TICK-51157, APEX ANALYTICS ,cscott@apexanalytics.com,High,Pending,Data Sync,2026-02-28 07:53:49,
TICK-51158,BlueRiver Ops,noah.thomas@blueriverops.com,Medium,Pending,Bug Report,2025-09-08 21:54:36,
TICK-51159,Skyline Health,ethomas@skylinehealth.com,Urgent,Resolved,Billing,2026-04-02 00:26:50,2026-04-05 17:26:50
TICK-51160,BrightPath Digital,harper_lewis@brightpathdigital.com,Urgent,Resolved,Integration,2026-04-22 10:11:40,2026-04-28 17:11:40
TICK-51161,BlueRiver Solutions,logan_young@blueriversolutions.com,Medium,Closed,Integration,2025-12-21 13:49:50,2025-12-23 06:49:50
TICK-51162,Summit Cloud,aria.baker@summitcloud.com,Medium,Closed,Access Request,2025-10-24 07:41:06,2025-10-28 12:41:06
TICK-51163, CloudForge Labs ,ella.king@cloudforgelabs.com,Medium,Open,Integration,2026-02-08 21:23:36,
TICK-51164,CloudForge Technologies,,Medium,Pending,Integration,2025-12-05 20:40:06,
TICK-51165,Ironwood Labs,dlewis@ironwoodlabs.com,Low,Resolved,Login Issue,2025-10-16 02:53:32,2025-10-17 05:53:32
TICK-51166,Apex Cloud,ethan.walker@apexcloud.com,Low,Open,Login Issue,2025-09-16 05:46:58,
TICK-51167,Vertex Software,jgreen@vertexsoftware.com,High,Open,Data Sync,2025-08-26 04:49:52,
TICK-51168,Nova Solutions Corp,benjamin.brown@novasolutions.com,Urgent,Open,Data Sync,2025-10-14 09:17:20,
TICK-51169,greenfield data inc,OYOUNG@GREENFIELDDATA.COM,Medium,Open,Integration,2026-04-18 01:03:13,
TICK-51170,Greenfield Systems Group,chloe_taylor@greenfieldsystems.com,Low,Open,Login Issue,2025-10-25 03:19:19,
TICK-51171, Skyline Systems ,aanderson@skylinesystems.com,Medium,Resolved,Feature Request,2026-04-04 16:57:05,2026-04-06 15:57:05
TICK-51172,PrimeWave Labs,camilaj@primewavelabs.com,Medium,Pending,Login Issue,2025-11-06 03:53:05,
TICK-51173,Skyline Digital,DANIEL.MARTIN@SKYLINEDIGITAL.COM,Medium,Pending,Billing,2025-09-23 14:54:04,
TICK-51174,Apex Systems,SAMUEL_YOUNG@APEXSYSTEMS.COM,Urgent,Resolved,Access Request,2026-01-23 16:07:07,2026-01-25 12:07:07
TICK-51175,Redwood Logic,david.nelson@redwoodlogic.com,Medium,Resolved,Access Request,2025-10-09 20:55:07,2025-10-14 03:55:07
TICK-51176,brightpath partners,evelyns@brightpathpartners.com,Medium,Resolved,Login Issue,2025-11-22 00:53:57,2025-11-28 04:53:57
TICK-51177,blueriver analytics co,david.hall@blueriveranalytics.com,Urgent,Resolved,Bug Report,2025-09-19 17:44:31,2025-09-22 02:44:31
TICK-51178,Summit Software Group,noah.johnson@summitsoftware.com,Low,Open,Access Request,2025-10-27 00:18:48,
TICK-51179,CedarPoint Cloud Corp,sbaker@cedarpointcloud.com,Medium,Closed,Billing,2025-10-31 06:03:23,2025-10-31 18:03:23
TICK-51180,PrimeWave Dynamics,isabella_anderson@primewavedynamics.com,Medium,Resolved,Login Issue,2026-04-22 10:08:16,2026-04-22 17:08:16
TICK-51181,Ironwood Digital,,High,Pending,API Issue,2025-12-30 19:39:20,
TICK-51182, Redwood Data LLC ,ejohnson@redwooddata.com,Low,Open,Bug Report,2025-10-31 21:17:33,
TICK-51183, CEDARPOINT DATA CORP ,logan_moore@cedarpointdata.com,High,Closed,Data Sync,2025-10-20 00:20:02,2025-10-26 21:20:02
TICK-51184,SilverLine Data Inc,michael_king@silverlinedata.com,Medium,Resolved,Bug Report,2025-10-12 21:02:32,2025-10-17 12:02:32
TICK-51185,Ironwood Health,isabellaw@ironwoodhealth.com,Low,Open,Billing,2026-02-22 01:14:24,
TICK-51186,Skyline Solutions,ELIJAH.CLARK@SKYLINESOLUTIONS.COM,High,Pending,Login Issue,2025-10-15 01:28:51,
TICK-51187, CloudForge Works ,aadams@cloudforgeworks.com,Medium,Resolved,Bug Report,2025-10-27 19:31:21,2025-10-31 20:31:21
TICK-51188,blueriver technologies,charlotte_allen@bluerivertechnologies.com,High,Closed,Feature Request,2026-01-08 14:20:12,2026-01-09 06:20:12
TICK-51189,PRIMEWAVE DIGITAL,ahall@primewavedigital.com,Medium,Resolved,Billing,2026-03-10 10:53:42,2026-03-12 10:53:42
TICK-51190,Redwood Cloud,lunab@redwoodcloud.com,High,Resolved,Feature Request,2026-04-13 00:49:17,2026-04-18 21:49:17
TICK-51191, Summit Analytics ,sofia_wright@summitanalytics.com,High,Open,Integration,2025-11-04 01:03:19,
TICK-51192,NorthPeak Logic,camila_anderson@northpeaklogic.com,Medium,Closed,Access Request,2025-12-22 08:34:47,2025-12-27 09:34:47
TICK-51193, Nova Analytics ,htaylor@novaanalytics.com,High,Closed,API Issue,2025-10-07 01:48:31,2025-10-08 21:48:31
TICK-51194,Greenfield Solutions,daniel_johnson@greenfieldsolutions.com,High,Resolved,API Issue,2026-03-10 20:38:04,2026-03-16 10:38:04
TICK-51195,brightpath partners,dsmith@brightpathpartners.com,Medium,Resolved,Data Sync,2025-10-05 13:29:03,2025-10-09 03:29:03
TICK-51196, Redwood Digital ,mason_wright@redwooddigital.com,Medium,Resolved,Bug Report,2025-10-05 11:26:30,2025-10-08 07:26:30
TICK-51197,velocity solutions,chloew@velocitysolutions.com,Urgent,Resolved,Bug Report,2025-12-25 03:31:41,2026-01-01 01:31:41
TICK-51198,Apex Analytics,AVERY.CLARK@APEXANALYTICS.COM,Medium,Pending,Billing,2025-11-23 22:23:39,
TICK-51199,SilverLine Cloud,lunac@silverlinecloud.com,Medium,Resolved,Integration,2026-04-18 01:37:42,2026-04-24 05:37:42
TICK-51200,Apex Digital,emma.hall@apexdigital.com,Low,Resolved,Billing,2025-09-09 20:33:18,2025-09-12 03:33:18
TICK-51201,Ironwood Technologies,aanderson@ironwoodtechnologies.com,Urgent,Resolved,Feature Request,2026-03-10 23:11:10,2026-03-15 04:11:10
TICK-51202,CedarPoint Data Co,mia_anderson@cedarpointdata.com,Low,Resolved,API Issue,2025-09-11 12:23:57,2025-09-13 23:23:57
TICK-51203,CloudForge Dynamics,isabellaw@cloudforgedynamics.com,Low,Resolved,Billing,2025-12-07 18:00:43,2025-12-08 15:00:43
TICK-51204,Redwood Ops,evelynw@redwoodops.com,Medium,Resolved,Login Issue,2025-10-08 19:54:17,2025-10-09 15:54:17
TICK-51205, ClearBridge Analytics ,camila.harris@clearbridgeanalytics.com,Medium,Resolved,Feature Request,2025-10-22 00:08:38,2025-10-22 05:08:38
TICK-51206,BrightPath Logic,sofia.martin@brightpathlogic.com,Medium,Pending,Billing,2025-12-18 16:52:02,
TICK-51207,NorthPeak Dynamics,cmoore@northpeakdynamics.com,Low,Resolved,API Issue,2026-03-07 07:10:48,2026-03-13 02:10:48
TICK-51208,Velocity Data Group,lucas.walker@velocitydata.com,Medium,Resolved,Data Sync,2025-11-28 13:39:14,2025-12-02 15:39:14
TICK-51209,Everstone Works,OLIVIA.HARRIS@EVERSTONEWORKS.COM,Low,Open,Login Issue,2026-02-21 05:50:53,
TICK-51210,redwood analytics,ebaker@redwoodanalytics.com,High,Resolved,API Issue,2025-11-04 12:56:16,2025-11-10 11:56:16
TICK-51211, Apex Cloud Inc ,noah.allen@apexcloud.com,High,Closed,API Issue,2025-08-26 16:21:43,2025-08-29 03:21:43
TICK-51212,CloudForge Networks,ethan_allen@cloudforgenetworks.com,High,Pending,Billing,2025-09-15 18:12:33,
TICK-51213,PrimeWave Health,emmaw@primewavehealth.com,Medium,Resolved,Billing,2025-10-29 17:57:43,2025-11-04 22:57:43
TICK-51214,Summit Works Corp,averya@summitworks.com,Medium,Closed,Billing,2026-02-07 09:39:23,2026-02-10 06:39:23
TICK-51215, NorthPeak Works ,loganw@northpeakworks.com,Urgent,Closed,API Issue,2025-08-27 03:09:55,2025-09-02 16:09:55
TICK-51216, Nova Cloud ,escott@novacloud.com,Low,Open,Feature Request,2025-12-22 16:38:23,
TICK-51217,PrimeWave Solutions,lunas@primewavesolutions.com,Medium,Open,Access Request,2026-03-05 01:47:47,
TICK-51218, Nova Technologies ,awright@novatechnologies.com,High,Resolved,Login Issue,2026-01-15 12:37:28,2026-01-17 02:37:28
TICK-51219,Vertex Logic Inc,mias@vertexlogic.com,High,Open,Feature Request,2025-09-01 17:24:13,
TICK-51220,Redwood Logic,sophia.nelson@redwoodlogic.com,Medium,Resolved,API Issue,2025-09-10 00:54:07,2025-09-17 00:54:07
TICK-51221, Summit Works ,,High,Resolved,Billing,2025-12-17 18:47:19,2025-12-18 09:47:19
TICK-51222,EVERSTONE SOFTWARE LLC,emmaa@everstonesoftware.com,Medium,Open,Access Request,2025-11-02 07:42:26,
TICK-51223,Everstone Ops,ariab@everstoneops.com,Low,Resolved,API Issue,2026-04-16 22:22:29,2026-04-23 21:22:29
TICK-51224,BrightPath Logic,amelias@brightpathlogic.com,Medium,Closed,Integration,2026-04-21 18:44:03,2026-04-24 14:44:03
TICK-51225,nova software,daniel_hall@novasoftware.com,Medium,Closed,Billing,2026-02-19 19:54:32,2026-02-26 09:54:32
TICK-51226,GREENFIELD PARTNERS,MIAH@GREENFIELDPARTNERS.COM,Medium,Pending,Billing,2025-12-28 02:20:38,
TICK-51227,Skyline Cloud,isabella.nelson@skylinecloud.com,High,Resolved,Feature Request,2026-01-03 18:27:34,2026-01-05 15:27:34
TICK-51228,Nova Systems,SOPHIA.TAYLOR@NOVASYSTEMS.COM,Medium,Resolved,Feature Request,2026-02-13 03:27:45,2026-02-14 08:27:45
TICK-51229,Summit Analytics Corp,mason_clark@summitanalytics.com,High,Closed,Billing,2025-11-20 02:14:23,2025-11-20 23:14:23
TICK-51230,Greenfield Labs,chloea@greenfieldlabs.com,Medium,Resolved,Access Request,2025-10-22 03:08:35,2025-10-26 16:08:35
TICK-51231,BlueRiver Works,olivia_white@blueriverworks.com,Medium,Resolved,Login Issue,2025-10-04 08:03:01,2025-10-05 22:03:01
TICK-51232,brightpath software,harperb@brightpathsoftware.com,Low,Closed,Access Request,2026-03-26 09:59:01,2026-03-31 12:59:01
TICK-51233,Redwood Data,aria_wright@redwooddata.com,Low,Resolved,API Issue,2026-03-09 06:02:39,2026-03-15 22:02:39
TICK-51234,CedarPoint Systems,camilaj@cedarpointsystems.com,High,Closed,Billing,2026-04-08 11:10:14,2026-04-10 19:10:14
TICK-51235, Apex Cloud ,isabella_white@apexcloud.com,High,Closed,API Issue,2025-10-24 05:25:24,2025-10-29 22:25:24
TICK-51236,Redwood Cloud,emma.hall@redwoodcloud.com,Low,Resolved,Bug Report,2025-10-16 02:49:25,2025-10-18 17:49:25
TICK-51237, Nova Software ,abaker@novasoftware.com,Medium,Open,Feature Request,2025-11-30 01:48:43,
TICK-51238,PrimeWave Software,james.green@primewavesoftware.com,Medium,Closed,Login Issue,2025-11-06 18:21:33,2025-11-07 22:21:33
TICK-51239, PrimeWave Digital ,alexander_young@primewavedigital.com,High,Pending,API Issue,2025-12-19 18:40:02,
TICK-51240,Vertex Labs,AMELIA_BAKER@VERTEXLABS.COM,High,Open,API Issue,2025-10-18 21:54:14,
TICK-51241, NorthPeak Solutions LLC ,ISABELLA.HALL@NORTHPEAKSOLUTIONS.COM,Low,Closed,API Issue,2026-03-08 11:54:39,2026-03-14 05:54:39
TICK-51242,Vertex Dynamics,luna_lewis@vertexdynamics.com,High,Closed,Feature Request,2025-10-26 14:45:13,2025-10-28 21:45:13
TICK-51243,Summit Solutions Group,aria_nelson@summitsolutions.com,Low,Open,Billing,2026-02-24 17:27:50,
TICK-51244,Nova Digital,danielj@novadigital.com,Urgent,Resolved,API Issue,2025-11-04 09:54:37,2025-11-06 21:54:37
TICK-51245, Skyline Ops ,emmaj@skylineops.com,High,Resolved,API Issue,2026-03-07 19:10:24,2026-03-08 06:10:24
TICK-51246,Redwood Logic LLC,averyj@redwoodlogic.com,High,Pending,Integration,2026-03-27 14:56:53,
TICK-51247, Ironwood Health ,liam.white@ironwoodhealth.com,Medium,Closed,Access Request,2026-02-16 10:39:11,2026-02-21 09:39:11
TICK-51248,Vertex Software,alexander.lewis@vertexsoftware.com,Low,Pending,API Issue,2026-03-18 15:34:16,
TICK-51249,Summit Cloud,isabellak@summitcloud.com,Medium,Closed,Feature Request,2025-09-22 03:10:50,2025-09-23 22:10:50
TICK-51250,velocity systems,,Low,Resolved,Integration,2026-04-12 23:06:14,2026-04-16 00:06:14
TICK-51251,Nova Technologies LLC,elijah_martin@novatechnologies.com,High,Open,Login Issue,2026-03-12 10:31:20,
TICK-51252, Nova Analytics Corp ,emoore@novaanalytics.com,Medium,Resolved,Feature Request,2026-03-23 18:33:16,2026-03-25 01:33:16
TICK-51253,Redwood Analytics,ellah@redwoodanalytics.com,Medium,Resolved,Data Sync,2026-01-14 19:12:52,2026-01-21 11:12:52
TICK-51254, BrightPath Cloud ,averyt@brightpathcloud.com,Medium,Resolved,Feature Request,2026-04-01 10:28:12,2026-04-02 09:28:12
TICK-51255,ClearBridge Digital LLC,amelia_brown@clearbridgedigital.com,Low,Closed,Integration,2025-09-18 16:41:29,2025-09-24 09:41:29
TICK-51256,CedarPoint Logic,,High,Resolved,API Issue,2025-10-17 08:35:16,2025-10-21 12:35:16
TICK-51257,Everstone Software,ijohnson@everstonesoftware.com,High,Closed,Login Issue,2025-09-30 06:59:49,2025-10-03 08:59:49
TICK-51258,Skyline Analytics Inc,amelia_clark@skylineanalytics.com,Urgent,Pending,Integration,2025-09-09 19:04:56,
TICK-51259,Greenfield Labs Co,ava.brown@greenfieldlabs.com,Medium,Pending,Integration,2025-12-29 22:01:42,
TICK-51260,skyline cloud,ladams@skylinecloud.com,Low,Closed,API Issue,2026-04-16 01:41:16,2026-04-22 18:41:16
TICK-51261,GREENFIELD DIGITAL,mia.martin@greenfielddigital.com,Medium,Closed,Login Issue,2025-09-28 06:04:04,2025-09-30 12:04:04
TICK-51262, Ironwood Health ,ethomas@ironwoodhealth.com,Medium,Resolved,Integration,2026-01-20 06:00:02,2026-01-23 13:00:02
TICK-51263,Apex Health,luna_green@apexhealth.com,High,Closed,Login Issue,2026-02-13 11:49:14,2026-02-16 00:49:14
TICK-51264, Greenfield Digital LLC ,ISABELLAS@GREENFIELDDIGITAL.COM,Medium,Closed,Feature Request,2025-10-09 10:52:04,2025-10-14 14:52:04
TICK-51265,Skyline Dynamics,chloe_young@skylinedynamics.com,Medium,Closed,Integration,2025-09-05 12:50:29,2025-09-06 09:50:29
TICK-51266, Greenfield Networks ,elijah.lewis@greenfieldnetworks.com,High,Closed,Feature Request,2026-01-19 06:29:44,2026-01-21 13:29:44
TICK-51267, Apex Systems ,evelyn_wright@apexsystems.com,Medium,Closed,Data Sync,2026-02-12 09:56:38,2026-02-12 18:56:38
TICK-51268,Vertex Technologies,JMARTIN@VERTEXTECHNOLOGIES.COM,High,Pending,Login Issue,2026-04-17 12:49:18,
TICK-51269,Velocity Solutions,mthomas@velocitysolutions.com,Medium,Resolved,Integration,2025-09-13 14:09:15,2025-09-15 18:09:15
TICK-51270,Summit Cloud Co,alexander.scott@summitcloud.com,High,Pending,Feature Request,2025-10-31 04:20:28,
TICK-51271, Everstone Digital ,elijah_wright@everstonedigital.com,Urgent,Open,Access Request,2025-10-08 10:48:13,
TICK-51272,PrimeWave Solutions,EANDERSON@PRIMEWAVESOLUTIONS.COM,Medium,Closed,Data Sync,2026-01-26 16:06:01,2026-02-02 12:06:01
TICK-51273,Summit Digital LLC,slewis@summitdigital.com,Low,Closed,Bug Report,2026-02-27 23:50:56,2026-03-02 21:50:56
TICK-51274,Greenfield Health,sophiat@greenfieldhealth.com,Low,Pending,Data Sync,2026-03-13 02:40:42,
TICK-51275,NorthPeak Software Inc,noah_moore@northpeaksoftware.com,Urgent,Pending,API Issue,2025-10-04 08:04:37,
TICK-51276,Skyline Labs,michaely@skylinelabs.com,Medium,Resolved,Bug Report,2026-01-27 09:24:41,2026-01-30 02:24:41
TICK-51277,BrightPath Data LLC,alexanderw@brightpathdata.com,Low,Pending,Access Request,2025-12-25 23:21:44,
TICK-51278,BrightPath Labs,michael_wright@brightpathlabs.com,Medium,Closed,Integration,2025-10-22 22:08:56,2025-10-28 13:08:56
TICK-51279, Summit Systems ,,Urgent,Resolved,Feature Request,2026-01-15 12:19:44,2026-01-16 04:19:44
TICK-51280,CloudForge Labs,evelynw@cloudforgelabs.com,High,Open,Access Request,2026-03-24 20:15:29,
TICK-51281,SilverLine Cloud,camila_thomas@silverlinecloud.com,Medium,Open,Data Sync,2025-09-07 21:47:33,
TICK-51282,REDWOOD DATA,james_brown@redwooddata.com,Medium,Pending,Login Issue,2026-04-06 11:00:41,
TICK-51283,Summit Works Co,charlotteh@summitworks.com,Medium,Open,Access Request,2026-02-15 06:19:36,
TICK-51284, Vertex Solutions ,,Medium,Resolved,Login Issue,2025-09-30 02:39:28,2025-09-30 15:39:28
TICK-51285,Summit Digital,loganw@summitdigital.com,Medium,Open,Feature Request,2025-11-26 17:01:08,
TICK-51286,BrightPath Labs,egreen@brightpathlabs.com,High,Closed,Billing,2025-10-22 21:21:52,2025-10-28 17:21:52
TICK-51287,BlueRiver Networks,logan_green@bluerivernetworks.com,Medium,Closed,Access Request,2026-02-02 17:31:12,2026-02-06 19:31:12
TICK-51288,Nova Analytics Corp,olivia.nelson@novaanalytics.com,Low,Closed,Login Issue,2026-03-16 08:33:09,2026-03-19 09:33:09
TICK-51289,Velocity Systems,ariac@velocitysystems.com,High,Pending,Feature Request,2026-03-09 19:00:10,
TICK-51290,Nova Data,SAMUEL_WHITE@NOVADATA.COM,Low,Pending,Billing,2025-11-05 11:20:12,
TICK-51291,BlueRiver Works,samuel.wright@blueriverworks.com,Urgent,Closed,Feature Request,2025-10-28 04:48:17,2025-11-01 13:48:17
TICK-51292,SilverLine Sys,james.taylor@silverlinesystems.com,Low,Resolved,Integration,2025-09-19 06:25:59,2025-09-23 15:25:59
TICK-51293,SILVERLINE DIGITAL INC,camila_adams@silverlinedigital.com,High,Closed,Integration,2026-03-15 18:04:24,2026-03-21 11:04:24
TICK-51294,SilverLine Works,lucas_baker@silverlineworks.com,High,Pending,Bug Report,2026-03-09 16:51:23,
TICK-51295,NorthPeak Networks Group,james_walker@northpeaknetworks.com,Medium,Pending,Billing,2026-01-26 02:56:34,
TICK-51296,CedarPoint Logic,james.anderson@cedarpointlogic.com,Urgent,Pending,Bug Report,2025-11-09 00:12:49,
TICK-51297,Greenfield Cloud,,High,Closed,Data Sync,2025-10-31 11:09:15,2025-11-04 12:09:15
TICK-51298,Velocity Cloud,aanderson@velocitycloud.com,Medium,Open,Billing,2026-01-02 20:06:38,
TICK-51299,Skyline Works Corp,david_nelson@skylineworks.com,Medium,Closed,Integration,2026-01-11 19:52:47,2026-01-14 02:52:47
TICK-51300,BrightPath Partners Inc,hbaker@brightpathpartners.com,High,Closed,Billing,2025-10-19 00:43:41,2025-10-21 10:43:41
TICK-51301,nova cloud,benjamin.jackson@novacloud.com,High,Pending,Integration,2026-04-09 13:28:50,
TICK-51302,Summit Systems,miaa@summitsystems.com,Medium,Pending,Feature Request,2025-12-12 20:02:33,
TICK-51303,Apex Logic,michael.king@apexlogic.com,Low,Resolved,Access Request,2025-10-08 21:04:33,2025-10-13 10:04:33
TICK-51304,BrightPath Technologies LLC,,Medium,Closed,Feature Request,2026-03-23 04:57:29,2026-03-28 04:57:29
TICK-51305,Vertex Analytics Corp,jyoung@vertexanalytics.com,Medium,Pending,Integration,2025-11-13 00:39:25,
TICK-51306,PrimeWave Health,ameliat@primewavehealth.com,Medium,Open,Data Sync,2026-01-17 07:36:49,
TICK-51307,ClearBridge Partners,david.green@clearbridgepartners.com,Medium,Closed,Integration,2026-02-10 10:29:37,2026-02-17 10:29:37
TICK-51308,ClearBridge Digital,mia.nelson@clearbridgedigital.com,Medium,Resolved,Access Request,2026-03-31 00:37:31,2026-04-06 15:37:31
TICK-51309,CloudForge Digital,daniels@cloudforgedigital.com,Medium,Resolved,Feature Request,2025-11-13 16:41:19,2025-11-18 04:41:19
TICK-51310,PrimeWave Solutions LLC,henry.moore@primewavesolutions.com,High,Resolved,API Issue,2025-09-23 15:50:30,2025-09-29 04:50:30
TICK-51311,Ironwood Cloud,bnelson@ironwoodcloud.com,Medium,Resolved,Login Issue,2026-01-24 09:30:09,2026-01-29 09:30:09
TICK-51312,Ironwood Health Corp,ava_white@ironwoodhealth.com,Medium,Open,Integration,2025-10-12 19:52:21,
TICK-51313,BrightPath Tech,ellag@brightpathtechnologies.com,Medium,Resolved,Feature Request,2026-02-23 21:14:28,2026-03-02 12:14:28
TICK-51314,NorthPeak Labs,isabella_clark@northpeaklabs.com,Urgent,Open,Integration,2026-03-30 21:57:10,
TICK-51315,CedarPoint Ops,ethan.anderson@cedarpointops.com,Medium,Closed,Login Issue,2026-02-12 19:08:55,2026-02-13 11:08:55
TICK-51316,SilverLine Solutions Corp,masonh@silverlinesolutions.com,Low,Closed,Integration,2026-03-19 01:05:39,2026-03-24 21:05:39
TICK-51317,CloudForge Logic LLC,michael_jackson@cloudforgelogic.com,Low,Closed,Login Issue,2026-03-12 09:08:26,2026-03-19 08:08:26
TICK-51318,Summit Solutions Co,liam_martin@summitsolutions.com,Medium,Resolved,Billing,2025-10-04 09:25:58,2025-10-08 14:25:58
TICK-51319,skyline cloud,logan_hall@skylinecloud.com,Urgent,Resolved,Integration,2026-02-26 22:58:32,2026-03-03 16:58:32
TICK-51320,Summit Software,ethan_clark@summitsoftware.com,Medium,Closed,Integration,2026-04-05 20:47:57,2026-04-10 05:47:57
TICK-51321,Summit Labs,,Medium,Pending,Access Request,2025-11-17 21:08:08,
TICK-51322,Velocity Digital,nbrown@velocitydigital.com,Urgent,Open,Login Issue,2026-03-15 03:49:24,
TICK-51323,BlueRiver Data Co,elijah_moore@blueriverdata.com,High,Resolved,Data Sync,2025-12-18 09:04:30,2025-12-24 15:04:30
TICK-51324, Summit Systems Co ,LUNA_BAKER@SUMMITSYSTEMS.COM,Urgent,Open,Feature Request,2026-02-11 20:14:26,
TICK-51325,NorthPeak Logic,lbrown@northpeaklogic.com,Medium,Closed,Bug Report,2026-03-04 04:23:50,2026-03-05 07:23:50
TICK-51326,CedarPoint Logic,samuel.baker@cedarpointlogic.com,Medium,Closed,Login Issue,2025-09-14 23:45:51,2025-09-17 07:45:51
TICK-51327,Velocity Works,lgreen@velocityworks.com,Low,Closed,Data Sync,2025-11-04 03:32:18,2025-11-05 14:32:18
TICK-51328, Ironwood Software ,jbaker@ironwoodsoftware.com,High,Resolved,API Issue,2025-09-19 09:11:00,2025-09-20 18:11:00
TICK-51329,Skyline Works,elijahw@skylineworks.com,High,Closed,Login Issue,2026-02-08 09:55:42,2026-02-10 19:55:42
TICK-51330,velocity logic inc,isabella.clark@velocitylogic.com,High,Closed,Billing,2026-01-29 20:21:47,2026-01-30 10:21:47
TICK-51331,Ironwood Labs Inc,liam.king@ironwoodlabs.com,Medium,Resolved,Feature Request,2025-12-02 19:21:51,2025-12-07 05:21:51
TICK-51332,Greenfield Systems,alexander.young@greenfieldsystems.com,Medium,Open,Feature Request,2026-01-29 14:34:20,
TICK-51333,Velocity Logic Group,loganb@velocitylogic.com,Medium,Resolved,Integration,2025-09-10 12:11:55,2025-09-12 02:11:55
TICK-51334,brightpath ops inc,david.lewis@brightpathops.com,Medium,Pending,Access Request,2026-03-20 23:35:38,
TICK-51335,CloudForge Digital,ava_anderson@cloudforgedigital.com,Medium,Closed,Integration,2026-01-18 11:51:33,2026-01-21 22:51:33
TICK-51336,Apex Digital,DAVID_KING@APEXDIGITAL.COM,Low,Resolved,Feature Request,2026-04-14 11:49:21,2026-04-17 10:49:21
TICK-51337,NORTHPEAK DYNAMICS,lharris@northpeakdynamics.com,High,Open,Bug Report,2025-10-16 01:10:58,
TICK-51338,BlueRiver Data,HARPERT@BLUERIVERDATA.COM,Low,Closed,Login Issue,2026-01-24 09:06:19,2026-01-29 06:06:19
TICK-51339, redwood digital llc ,camilaj@redwooddigital.com,High,Pending,Bug Report,2025-12-09 10:37:13,
TICK-51340,BlueRiver Cloud,olivia.jackson@bluerivercloud.com,Medium,Resolved,Access Request,2025-11-21 14:06:31,2025-11-24 14:06:31
TICK-51341, SilverLine Solutions ,csmith@silverlinesolutions.com,Urgent,Open,Login Issue,2026-03-24 23:56:47,
TICK-51342,Redwood Systems,michaela@redwoodsystems.com,Medium,Resolved,Access Request,2025-10-07 01:59:27,2025-10-07 13:59:27
TICK-51343,Skyline Ops,jwalker@skylineops.com,Medium,Closed,Bug Report,2025-12-13 08:15:09,2025-12-17 02:15:09
TICK-51344,Everstone Systems,ethanm@everstonesystems.com,Medium,Open,Feature Request,2025-11-05 20:14:08,
TICK-51345,velocity cloud,samuel.thomas@velocitycloud.com,Medium,Resolved,Feature Request,2026-03-28 21:24:31,2026-03-30 22:24:31
TICK-51346,Redwood Cloud,emma_green@redwoodcloud.com,High,Resolved,API Issue,2026-03-08 03:04:44,2026-03-09 14:04:44
TICK-51347,vertex technologies,liama@vertextechnologies.com,Low,Open,Bug Report,2025-10-14 14:18:08,
TICK-51348,Greenfield Health,michaelw@greenfieldhealth.com,High,Resolved,Feature Request,2025-10-20 00:15:05,2025-10-26 10:15:05
TICK-51349,Velocity Cloud Inc,avery_thomas@velocitycloud.com,Medium,Closed,Feature Request,2025-11-21 22:07:55,2025-11-24 22:07:55
TICK-51350, skyline analytics ,mia_allen@skylineanalytics.com,Medium,Resolved,Data Sync,2026-02-02 06:19:57,2026-02-07 23:19:57
TICK-51351,SilverLine Data LLC,isabella.wright@silverlinedata.com,Medium,Open,Bug Report,2026-03-13 17:26:15,
TICK-51352,Skyline Ops,benjamin_lewis@skylineops.com,Urgent,Resolved,Feature Request,2025-11-14 00:31:47,2025-11-17 09:31:47
TICK-51353,Vertex Logic,alewis@vertexlogic.com,Medium,Open,Integration,2025-08-30 14:17:20,
TICK-51354,REDWOOD SYSTEMS,ameliaa@redwoodsystems.com,High,Closed,Data Sync,2026-02-03 00:48:35,2026-02-08 19:48:35
TICK-51355,BlueRiver Solutions,,Medium,Resolved,Feature Request,2025-10-29 05:44:23,2025-10-29 16:44:23
TICK-51356,SilverLine Health,miat@silverlinehealth.com,Medium,Resolved,Login Issue,2025-12-11 08:29:53,2025-12-17 09:29:53
TICK-51357,Vertex Digital Corp,daniell@vertexdigital.com,High,Pending,Feature Request,2025-09-02 02:27:26,
TICK-51358,Velocity Logic,mallen@velocitylogic.com,Medium,Open,Access Request,2025-12-03 22:23:45,
TICK-51359,Vertex Digital,benjamin_clark@vertexdigital.com,Urgent,Pending,Billing,2026-03-03 07:08:56,
TICK-51360, BLUERIVER WORKS CORP ,lallen@blueriverworks.com,Medium,Closed,Login Issue,2026-03-25 03:56:27,2026-03-27 02:56:27
TICK-51361,ClearBridge Sys,cwhite@clearbridgesystems.com,Low,Resolved,Data Sync,2025-12-23 07:51:49,2025-12-23 09:51:49
TICK-51362,Apex Health,aria.adams@apexhealth.com,High,Closed,Billing,2026-01-22 01:07:47,2026-01-24 19:07:47
TICK-51363,Redwood Analytics Corp,mhall@redwoodanalytics.com,Medium,Resolved,API Issue,2026-02-18 02:55:47,2026-02-24 06:55:47
TICK-51364,Everstone Partners,averyt@everstonepartners.com,Low,Resolved,Access Request,2026-01-14 00:45:04,2026-01-18 05:45:04
TICK-51365,BrightPath Partners,alexander.white@brightpathpartners.com,Medium,Open,Feature Request,2025-08-28 11:52:34,
TICK-51366,Nova Digital,camila.brown@novadigital.com,High,Resolved,Bug Report,2026-03-11 04:04:48,2026-03-16 23:04:48
TICK-51367,Skyline Cloud Corp,logan_jackson@skylinecloud.com,Medium,Closed,Bug Report,2025-11-09 06:53:25,2025-11-13 17:53:25
TICK-51368,Summit Digital,michaels@summitdigital.com,High,Resolved,Bug Report,2026-01-02 17:56:31,2026-01-06 22:56:31
TICK-51369,PrimeWave Digital,chloej@primewavedigital.com,Medium,Resolved,Integration,2025-09-08 17:51:28,2025-09-10 04:51:28
TICK-51370,EVERSTONE WORKS,noah_martin@everstoneworks.com,Medium,Pending,Feature Request,2025-12-04 04:49:14,
TICK-51371,PRIMEWAVE TECHNOLOGIES,elijah_martin@primewavetechnologies.com,Medium,Open,Bug Report,2026-04-08 02:47:37,
TICK-51372, ironwood logic ,mmoore@ironwoodlogic.com,Medium,Open,Access Request,2026-01-09 08:06:30,
TICK-51373,BrightPath Data,isabella_lewis@brightpathdata.com,Medium,Resolved,API Issue,2026-04-08 12:51:36,2026-04-10 17:51:36
TICK-51374,silverline digital group,samuel.jackson@silverlinedigital.com,Medium,Closed,Billing,2025-11-10 01:42:21,2025-11-16 05:42:21
TICK-51375,BrightPath Software,ethan_taylor@brightpathsoftware.com,High,Open,Billing,2026-03-20 20:28:48,
TICK-51376,REDWOOD DATA,benjamin_harris@redwooddata.com,Medium,Pending,API Issue,2025-09-28 14:17:41,
TICK-51377,Nova Digital,aria_johnson@novadigital.com,Urgent,Open,API Issue,2025-09-07 01:05:01,
TICK-51378,BlueRiver Data,dtaylor@blueriverdata.com,Low,Pending,Integration,2025-11-04 13:02:55,
TICK-51379, PrimeWave Ops ,averyj@primewaveops.com,Medium,Resolved,Login Issue,2026-03-07 05:24:45,2026-03-12 15:24:45
TICK-51380,Greenfield Systems,henry_smith@greenfieldsystems.com,Medium,Pending,Feature Request,2026-02-07 16:27:00,
TICK-51381,SilverLine Cloud,isabella.adams@silverlinecloud.com,Medium,Resolved,Integration,2025-11-16 11:30:14,2025-11-20 01:30:14
TICK-51382,Skyline Health,mason.nelson@skylinehealth.com,Medium,Closed,Feature Request,2026-01-24 04:16:18,2026-01-26 23:16:18
TICK-51383,Everstone Technologies,evelyn.thomas@everstonetechnologies.com,Low,Open,Feature Request,2026-04-10 22:37:39,
TICK-51384, Ironwood Digital ,liam_anderson@ironwooddigital.com,Medium,Closed,Billing,2025-11-14 00:22:21,2025-11-21 00:22:21
TICK-51385,cloudforge dynamics,elijahc@cloudforgedynamics.com,Medium,Resolved,Feature Request,2025-09-06 03:09:17,2025-09-13 01:09:17
TICK-51386, Summit Labs ,avaj@summitlabs.com,Low,Resolved,Billing,2025-10-01 00:17:48,2025-10-04 13:17:48
TICK-51387,NorthPeak Analytics,masons@northpeakanalytics.com,Medium,Closed,API Issue,2026-03-18 22:06:54,2026-03-19 08:06:54
TICK-51388,silverline works llc,mason.young@silverlineworks.com,High,Resolved,Feature Request,2025-12-31 16:49:01,2026-01-04 05:49:01
TICK-51389, CedarPoint Solutions ,ella_clark@cedarpointsolutions.com,Urgent,Pending,Login Issue,2026-03-09 15:19:48,
TICK-51390,Nova Technologies Co,alexanderw@novatechnologies.com,Low,Resolved,Feature Request,2026-02-06 02:17:31,2026-02-12 18:17:31
TICK-51391,Summit Digital,CHLOE_WHITE@SUMMITDIGITAL.COM,Medium,Resolved,Integration,2025-09-06 13:22:58,2025-09-08 01:22:58
TICK-51392,CloudForge Technologies,eyoung@cloudforgetechnologies.com,Medium,Resolved,API Issue,2026-01-01 22:01:09,2026-01-02 19:01:09
TICK-51393,CLOUDFORGE TECHNOLOGIES,james_moore@cloudforgetechnologies.com,High,Closed,Feature Request,2025-12-13 23:27:19,2025-12-15 07:27:19
TICK-51394,Everstone Ops,charlotte_wright@everstoneops.com,Medium,Closed,Access Request,2026-04-15 16:32:33,2026-04-21 14:32:33
TICK-51395,NorthPeak Software,daniel.harris@northpeaksoftware.com,Urgent,Pending,API Issue,2025-10-24 13:18:59,
TICK-51396,Ironwood Technologies,ella.moore@ironwoodtechnologies.com,Low,Resolved,Feature Request,2025-10-22 00:36:48,2025-10-26 07:36:48
TICK-51397,skyline partners,masonw@skylinepartners.com,Urgent,Pending,Integration,2026-01-14 07:18:33,
TICK-51398,clearbridge dynamics,camila.walker@clearbridgedynamics.com,High,Closed,Billing,2026-01-17 14:17:59,2026-01-22 19:17:59
TICK-51399,CloudForge Digital,miac@cloudforgedigital.com,Medium,Open,Billing,2025-11-11 18:18:59,
TICK-51400,SilverLine Technologies,,Urgent,Resolved,Billing,2026-04-21 23:41:50,2026-04-24 15:41:50
TICK-51401,CloudForge Technologies Inc,evelyn.scott@cloudforgetechnologies.com,High,Closed,Integration,2026-01-17 03:03:24,2026-01-23 02:03:24
TICK-51402,Velocity Logic,liam.thomas@velocitylogic.com,Medium,Pending,Integration,2026-02-10 01:25:47,
TICK-51403,Greenfield Partners,avery.young@greenfieldpartners.com,Low,Pending,Integration,2025-12-19 03:15:21,
TICK-51404,Greenfield Technologies Corp,isabella_thomas@greenfieldtechnologies.com,High,Resolved,API Issue,2026-03-12 18:27:28,2026-03-14 19:27:28
TICK-51405,PrimeWave Networks,camila_martin@primewavenetworks.com,Medium,Resolved,Bug Report,2026-03-05 22:25:27,2026-03-10 15:25:27
TICK-51406,SilverLine Analytics,charlotte_jackson@silverlineanalytics.com,Medium,Resolved,API Issue,2026-03-18 04:40:34,2026-03-19 04:40:34
TICK-51407,PrimeWave Solutions Group,lucas_green@primewavesolutions.com,Medium,Pending,Login Issue,2026-04-21 14:15:35,
TICK-51408, BlueRiver Software ,jwright@blueriversoftware.com,Low,Open,Access Request,2026-03-22 13:59:58,
TICK-51409,Vertex Dynamics,logan_smith@vertexdynamics.com,Medium,Resolved,Billing,2025-11-23 05:05:49,2025-11-29 05:05:49
TICK-51410,ClearBridge Data,michaelb@clearbridgedata.com,Medium,Pending,Billing,2025-12-31 18:37:37,
TICK-51411,BlueRiver Ops,james_lewis@blueriverops.com,Medium,Pending,Login Issue,2026-01-09 15:41:29,
TICK-51412,Everstone Cloud,,High,Pending,API Issue,2026-02-10 10:24:53,
TICK-51413,Ironwood Software,miaw@ironwoodsoftware.com,Medium,Pending,Login Issue,2025-11-30 15:38:55,
TICK-51414,CedarPoint Partners,harper_adams@cedarpointpartners.com,Low,Closed,Integration,2025-12-05 21:57:10,2025-12-07 22:57:10
TICK-51415, BlueRiver Works LLC ,liam.nelson@blueriverworks.com,High,Open,Bug Report,2025-10-01 22:23:31,
TICK-51416, Ironwood Health ,nharris@ironwoodhealth.com,Urgent,Pending,Integration,2026-01-30 13:46:21,
TICK-51417,cloudforge logic group,SAMUELA@CLOUDFORGELOGIC.COM,Medium,Closed,Feature Request,2025-12-24 22:39:56,2025-12-25 01:39:56
TICK-51418,BrightPath Works Group,,Medium,Open,Billing,2026-02-20 08:10:15,
TICK-51419,Nova Networks,MIAW@NOVANETWORKS.COM,High,Open,Integration,2025-11-19 19:38:02,
TICK-51420,PrimeWave Technologies,ARIAN@PRIMEWAVETECHNOLOGIES.COM,Low,Resolved,Billing,2026-02-25 10:54:13,2026-02-27 00:54:13
TICK-51421,PrimeWave Digital,harper.brown@primewavedigital.com,High,Closed,Integration,2026-02-21 07:05:20,2026-02-22 03:05:20
TICK-51422, NorthPeak Logic ,isabellan@northpeaklogic.com,Low,Pending,Integration,2026-01-16 15:35:28,
TICK-51423,CLOUDFORGE LABS,davidb@cloudforgelabs.com,Medium,Pending,Login Issue,2025-10-22 04:09:31,
TICK-51424,Apex Technologies,ethan.taylor@apextechnologies.com,Medium,Resolved,Feature Request,2025-12-22 02:20:52,2025-12-22 12:20:52
TICK-51425,northpeak partners,emmaj@northpeakpartners.com,Low,Open,Bug Report,2025-12-21 06:31:39,
TICK-51426,Apex Solutions,hharris@apexsolutions.com,Medium,Open,Feature Request,2025-09-18 14:41:04,
TICK-51427,Redwood Analytics LLC,michael_scott@redwoodanalytics.com,Low,Open,Feature Request,2026-03-19 05:57:00,
TICK-51428,CedarPoint Systems,mlewis@cedarpointsystems.com,High,Closed,Bug Report,2026-01-13 17:45:47,2026-01-20 01:45:47
TICK-51429,Everstone Software,sofiaa@everstonesoftware.com,High,Open,Data Sync,2025-12-20 05:34:15,
TICK-51430,CloudForge Technologies,harper_johnson@cloudforgetechnologies.com,Medium,Resolved,API Issue,2025-08-28 08:05:13,2025-09-01 14:05:13
TICK-51431,BrightPath Data,elijah_king@brightpathdata.com,Medium,Closed,Login Issue,2026-01-21 11:37:46,2026-01-22 05:37:46
TICK-51432,Skyline Sol,,Urgent,Closed,Access Request,2025-12-11 19:52:39,2025-12-11 21:52:39
TICK-51433,BrightPath Partners Inc,mia_jackson@brightpathpartners.com,Medium,Closed,Data Sync,2026-03-04 09:32:25,2026-03-04 23:32:25
TICK-51434,Greenfield Systems,ethans@greenfieldsystems.com,High,Resolved,Integration,2026-03-04 08:41:52,2026-03-11 04:41:52
TICK-51435,CloudForge Technologies,AWHITE@CLOUDFORGETECHNOLOGIES.COM,Medium,Pending,Feature Request,2026-01-28 13:40:07,
TICK-51436,CedarPoint Ops,henry_nelson@cedarpointops.com,High,Resolved,Feature Request,2025-10-11 14:05:44,2025-10-12 20:05:44
TICK-51437, apex analytics ,mason_clark@apexanalytics.com,High,Pending,Bug Report,2026-03-27 08:33:56,
TICK-51438,REDWOOD DATA,michael.allen@redwooddata.com,Medium,Open,Access Request,2026-04-07 04:16:30,
TICK-51439,Vertex Works,dyoung@vertexworks.com,Low,Open,Bug Report,2025-11-17 21:49:49,
TICK-51440,BrightPath Labs,samuel.young@brightpathlabs.com,Medium,Closed,API Issue,2026-03-26 21:19:46,2026-03-29 15:19:46
TICK-51441,Nova Dynamics,avery_green@novadynamics.com,Medium,Resolved,Billing,2025-10-18 02:39:26,2025-10-19 01:39:26
TICK-51442,Everstone Digital,samuel.wright@everstonedigital.com,Urgent,Closed,Login Issue,2025-12-30 04:55:08,2026-01-04 12:55:08
TICK-51443,Greenfield Data LLC,lhall@greenfielddata.com,Low,Resolved,Bug Report,2026-01-01 01:21:59,2026-01-01 11:21:59
TICK-51444,PrimeWave Solutions,michael.hall@primewavesolutions.com,Medium,Resolved,Login Issue,2025-11-11 04:44:51,2025-11-15 14:44:51
TICK-51445, skyline works ,lucas_allen@skylineworks.com,Low,Open,Data Sync,2025-09-20 22:20:25,
TICK-51446,REDWOOD HEALTH,lgreen@redwoodhealth.com,High,Open,Billing,2025-10-08 20:38:00,
TICK-51447,PrimeWave Partners,emma.green@primewavepartners.com,Urgent,Resolved,Bug Report,2025-12-20 01:45:20,2025-12-24 08:45:20
TICK-51448, Ironwood Ops ,htaylor@ironwoodops.com,High,Open,Login Issue,2025-10-27 21:44:19,
TICK-51449,Apex Logic,isabellam@apexlogic.com,High,Pending,Billing,2026-02-14 11:38:06,
TICK-51450, Ironwood Ops LLC ,olivia_smith@ironwoodops.com,Low,Closed,API Issue,2025-09-14 10:21:27,2025-09-17 03:21:27
TICK-51451,PrimeWave Labs,ALEXANDER.LEWIS@PRIMEWAVELABS.COM,Medium,Resolved,Integration,2025-12-16 18:30:07,2025-12-22 00:30:07
TICK-51452,Summit Labs,avaa@summitlabs.com,Medium,Resolved,Login Issue,2025-11-10 06:17:58,2025-11-14 04:17:58
TICK-51453, BrightPath Technologies ,amelia.wright@brightpathtechnologies.com,Low,Resolved,Bug Report,2026-01-17 16:09:01,2026-01-23 14:09:01
TICK-51454,Ironwood Digital,logan.young@ironwooddigital.com,Medium,Resolved,Login Issue,2026-04-04 06:21:39,2026-04-10 19:21:39
TICK-51455, Skyline Partners ,ATAYLOR@SKYLINEPARTNERS.COM,Medium,Resolved,Data Sync,2025-10-30 03:15:30,2025-10-31 20:15:30
TICK-51456,PrimeWave Technologies,oadams@primewavetechnologies.com,Low,Resolved,Data Sync,2026-01-14 02:11:01,2026-01-19 23:11:01
TICK-51457, BrightPath Digital ,eharris@brightpathdigital.com,Medium,Resolved,Feature Request,2025-12-09 19:09:14,2025-12-16 00:09:14
TICK-51458,PrimeWave Technologies,isabellat@primewavetechnologies.com,Medium,Closed,Login Issue,2026-03-20 23:16:45,2026-03-23 13:16:45
TICK-51459,BrightPath Data,avaa@brightpathdata.com,Medium,Closed,Billing,2025-11-27 23:40:12,2025-11-29 17:40:12
TICK-51460,BrightPath Digital,henry_green@brightpathdigital.com,Low,Resolved,Access Request,2025-10-17 00:17:09,2025-10-19 04:17:09
TICK-51461,NORTHPEAK DATA,,High,Open,Access Request,2026-01-04 00:21:05,
TICK-51462,Nova Systems Group,sjackson@novasystems.com,High,Closed,Integration,2025-12-13 21:27:20,2025-12-15 10:27:20
TICK-51463,Ironwood Health,harper.martin@ironwoodhealth.com,High,Pending,Access Request,2026-03-27 16:24:44,
TICK-51464,BlueRiver Works,ljackson@blueriverworks.com,Medium,Resolved,Login Issue,2026-02-07 08:39:12,2026-02-12 12:39:12
TICK-51465, Everstone Software ,harper.baker@everstonesoftware.com,High,Resolved,Access Request,2026-02-07 07:44:31,2026-02-13 16:44:31
TICK-51466,Nova Solutions,charlottew@novasolutions.com,Medium,Open,Login Issue,2026-01-18 08:25:25,
TICK-51467,BlueRiver Technologies,sofiab@bluerivertechnologies.com,High,Closed,Integration,2026-03-26 02:26:26,2026-03-29 15:26:26
TICK-51468,Nova Data,oliviac@novadata.com,Medium,Resolved,Bug Report,2025-09-08 03:47:03,2025-09-14 17:47:03
TICK-51469,NorthPeak Networks,DANIELL@NORTHPEAKNETWORKS.COM,Low,Resolved,Integration,2025-10-06 09:15:49,2025-10-11 00:15:49
TICK-51470,BlueRiver Cloud Group,asmith@bluerivercloud.com,High,Resolved,Integration,2025-10-16 21:25:16,2025-10-22 03:25:16
TICK-51471,Greenfield Logic,james.taylor@greenfieldlogic.com,Low,Resolved,Integration,2025-12-23 00:57:32,2025-12-26 11:57:32
TICK-51472,Nova Software,dthomas@novasoftware.com,High,Closed,Login Issue,2025-10-05 13:41:44,2025-10-11 07:41:44
TICK-51473,CloudForge Ops,camilaw@cloudforgeops.com,Low,Pending,Billing,2025-09-01 23:59:26,
TICK-51474,BrightPath Cloud,luna_brown@brightpathcloud.com,Medium,Pending,Billing,2026-03-14 19:47:06,
TICK-51475, Vertex Dynamics ,evelyng@vertexdynamics.com,High,Closed,Bug Report,2025-10-14 13:58:20,2025-10-17 14:58:20
TICK-51476,Vertex Technologies,itaylor@vertextechnologies.com,Urgent,Open,API Issue,2025-08-26 11:42:00,
TICK-51477,CedarPoint Works,luna_adams@cedarpointworks.com,Urgent,Resolved,Access Request,2025-11-23 20:10:28,2025-11-27 17:10:28
TICK-51478,vertex solutions,henry_walker@vertexsolutions.com,Medium,Closed,Integration,2026-03-28 18:40:38,2026-04-02 16:40:38
TICK-51479,Vertex Analytics Co,liam_jackson@vertexanalytics.com,Medium,Resolved,Access Request,2026-02-19 00:12:04,2026-02-20 19:12:04
TICK-51480,Everstone Software Inc,noah_allen@everstonesoftware.com,Medium,Pending,Feature Request,2025-11-20 11:19:06,
TICK-51481,NOVA SOFTWARE,ellaj@novasoftware.com,Medium,Resolved,Data Sync,2026-01-24 16:44:10,2026-01-25 02:44:10
TICK-51482,CloudForge Networks,emma_nelson@cloudforgenetworks.com,High,Open,Feature Request,2025-08-29 00:10:51,
TICK-51483,CedarPoint Systems,logan.white@cedarpointsystems.com,Medium,Closed,API Issue,2026-01-03 10:41:27,2026-01-06 21:41:27
TICK-51484, Everstone Works ,liam.nelson@everstoneworks.com,Low,Closed,Login Issue,2025-10-17 07:49:24,2025-10-18 12:49:24
TICK-51485,Nova Networks,ELLA_BAKER@NOVANETWORKS.COM,Medium,Resolved,Login Issue,2025-12-18 07:35:53,2025-12-23 02:35:53
TICK-51486, SilverLine Health ,logan_anderson@silverlinehealth.com,Low,Pending,Billing,2026-02-04 05:42:27,
TICK-51487,NorthPeak Software,dmartin@northpeaksoftware.com,High,Resolved,Data Sync,2026-03-08 17:18:32,2026-03-08 22:18:32
TICK-51488, Apex Systems LLC ,samuelb@apexsystems.com,High,Resolved,Access Request,2026-03-19 14:34:34,2026-03-26 05:34:34
TICK-51489,Summit Cloud,lucas_jackson@summitcloud.com,Low,Closed,Data Sync,2026-04-13 17:31:35,2026-04-19 03:31:35
TICK-51490,CloudForge Sol,masonb@cloudforgesolutions.com,High,Pending,Billing,2025-12-15 17:46:33,
TICK-51491,ClearBridge Ops,ajackson@clearbridgeops.com,High,Pending,Integration,2025-11-29 03:57:08,
TICK-51492,Redwood Analytics Inc,lucas.moore@redwoodanalytics.com,Low,Pending,Login Issue,2025-10-18 08:30:20,
TICK-51493, PrimeWave Ops ,emmas@primewaveops.com,Urgent,Resolved,Integration,2026-01-28 20:35:40,2026-01-31 02:35:40
TICK-51494,Everstone Systems Corp,cbaker@everstonesystems.com,Medium,Closed,API Issue,2026-01-14 16:38:00,2026-01-20 17:38:00
TICK-51495,Redwood Ops,ethan_moore@redwoodops.com,Medium,Resolved,Bug Report,2025-09-27 20:21:45,2025-10-01 10:21:45
TICK-51496,Redwood Health,lthomas@redwoodhealth.com,Urgent,Closed,Feature Request,2026-04-08 04:30:18,2026-04-11 13:30:18
TICK-51497,Summit Works,alexander_johnson@summitworks.com,Medium,Resolved,Bug Report,2025-10-31 07:05:37,2025-10-31 16:05:37
TICK-51498,CloudForge Digital,logan_adams@cloudforgedigital.com,Medium,Pending,Billing,2025-10-15 19:20:18,
TICK-51499,Ironwood Software,jamesl@ironwoodsoftware.com,High,Open,Feature Request,2026-02-10 13:50:40,
TICK-51500, NorthPeak Data ,NOAH.WRIGHT@NORTHPEAKDATA.COM,Low,Resolved,Data Sync,2025-12-16 10:56:12,2025-12-20 13:56:12
TICK-51501,CloudForge Logic LLC,daniela@cloudforgelogic.com,Low,Closed,Data Sync,2025-09-30 16:29:05,2025-10-01 09:29:05
TICK-51502,BrightPath Labs,esmith@brightpathlabs.com,Medium,Open,API Issue,2025-09-16 18:43:43,
TICK-51503,SilverLine Systems,mason.walker@silverlinesystems.com,High,Resolved,Feature Request,2026-03-29 23:25:50,2026-03-31 16:25:50
TICK-51504,Skyline Systems,elijah_thomas@skylinesystems.com,Low,Closed,Integration,2026-01-10 05:27:43,2026-01-15 16:27:43
TICK-51505,Redwood Software,nthomas@redwoodsoftware.com,High,Closed,Bug Report,2025-10-21 01:41:19,2025-10-24 02:41:19
TICK-51506,CedarPoint Logic,alexanderb@cedarpointlogic.com,High,Resolved,API Issue,2025-12-11 18:15:47,2025-12-15 23:15:47
TICK-51507,Summit Systems,samuelg@summitsystems.com,Urgent,Open,Data Sync,2026-04-16 22:53:13,
TICK-51508,Ironwood Technologies,bscott@ironwoodtechnologies.com,High,Closed,Integration,2026-02-28 17:39:43,2026-03-02 17:39:43
TICK-51509,PrimeWave Data,HARPERB@PRIMEWAVEDATA.COM,Medium,Closed,Data Sync,2026-02-04 03:46:11,2026-02-10 09:46:11
TICK-51510, BlueRiver Solutions Inc ,benjamin.allen@blueriversolutions.com,Medium,Closed,Feature Request,2026-01-21 08:12:22,2026-01-25 01:12:22
TICK-51511,BlueRiver Ops,ahall@blueriverops.com,Low,Resolved,API Issue,2026-02-26 17:06:17,2026-03-01 06:06:17
TICK-51512, Velocity Dynamics Inc ,nyoung@velocitydynamics.com,Low,Resolved,Login Issue,2026-02-17 23:56:21,2026-02-22 00:56:21
TICK-51513, SILVERLINE HEALTH ,sthomas@silverlinehealth.com,Medium,Closed,Access Request,2026-04-09 16:03:05,2026-04-12 17:03:05
TICK-51514,Ironwood Cloud,nmoore@ironwoodcloud.com,Low,Resolved,Feature Request,2025-10-09 09:20:31,2025-10-14 05:20:31
TICK-51515,PrimeWave Cloud,,Medium,Closed,Feature Request,2025-10-30 11:34:06,2025-11-02 12:34:06
TICK-51516, BrightPath Systems ,,Medium,Pending,Access Request,2026-04-10 23:20:53,
TICK-51517,BlueRiver Systems LLC,sophia.king@blueriversystems.com,High,Resolved,Data Sync,2026-03-08 13:48:28,2026-03-12 05:48:28
TICK-51518, Nova Systems Group ,cbaker@novasystems.com,High,Resolved,Access Request,2025-10-05 21:59:38,2025-10-10 01:59:38
TICK-51519, Everstone Cloud ,camilaw@everstonecloud.com,Medium,Resolved,Data Sync,2025-09-07 17:56:06,2025-09-13 18:56:06
TICK-51520,ClearBridge Works Corp,mason_green@clearbridgeworks.com,Medium,Resolved,Bug Report,2025-09-30 07:47:59,2025-10-07 00:47:59
TICK-51521,GREENFIELD HEALTH INC,chloe_martin@greenfieldhealth.com,Medium,Resolved,Data Sync,2026-04-14 19:57:00,2026-04-16 10:57:00
TICK-51522,Ironwood Health LLC,jsmith@ironwoodhealth.com,Urgent,Closed,Login Issue,2025-11-03 00:42:20,2025-11-09 08:42:20
TICK-51523,GREENFIELD LABS CO,alexanderh@greenfieldlabs.com,High,Open,Billing,2025-11-30 11:59:34,
TICK-51524,ClearBridge Systems Co,camila.green@clearbridgesystems.com,Low,Closed,Feature Request,2026-03-04 11:00:42,2026-03-06 19:00:42
TICK-51525, ClearBridge Partners ,AVERY_NELSON@CLEARBRIDGEPARTNERS.COM,Medium,Pending,Integration,2026-03-21 22:26:37,
TICK-51526,PrimeWave Ops,emma.jackson@primewaveops.com,Medium,Open,Data Sync,2026-02-14 14:34:51,
TICK-51527,Nova Software,luna.thomas@novasoftware.com,Medium,Closed,Data Sync,2026-03-09 08:43:07,2026-03-14 07:43:07
TICK-51528, BlueRiver Software ,henry.white@blueriversoftware.com,Medium,Open,Data Sync,2026-03-17 01:09:58,
TICK-51529,Vertex Dynamics,mgreen@vertexdynamics.com,Medium,Resolved,Billing,2025-12-04 00:32:22,2025-12-05 22:32:22
TICK-51530,PrimeWave Cloud,benjamin.anderson@primewavecloud.com,High,Resolved,Bug Report,2026-02-20 18:39:05,2026-02-22 03:39:05
TICK-51531,Apex Cloud,michaelj@apexcloud.com,Medium,Resolved,Data Sync,2026-02-22 04:31:02,2026-02-26 07:31:02
TICK-51532,Ironwood Technologies,ella_allen@ironwoodtechnologies.com,Medium,Closed,API Issue,2026-02-16 12:59:46,2026-02-20 20:59:46
TICK-51533,Skyline Solutions,ethan.thomas@skylinesolutions.com,Low,Pending,Feature Request,2026-02-10 23:26:18,
TICK-51534,Greenfield Technologies,ava.walker@greenfieldtechnologies.com,Medium,Open,Data Sync,2025-12-10 20:54:34,
TICK-51535,velocity dynamics,mallen@velocitydynamics.com,Low,Open,Integration,2025-12-10 18:37:44,
TICK-51536,BlueRiver Solutions,noah.brown@blueriversolutions.com,Medium,Pending,Feature Request,2025-11-26 13:49:44,
TICK-51537,BrightPath Cloud,davidt@brightpathcloud.com,Urgent,Pending,Integration,2025-12-16 04:22:35,
TICK-51538,NorthPeak Data,masonh@northpeakdata.com,High,Resolved,Feature Request,2026-03-08 13:29:29,2026-03-09 13:29:29
TICK-51539,Nova Data,ohall@novadata.com,Urgent,Resolved,Data Sync,2026-03-22 08:37:41,2026-03-25 02:37:41
TICK-51540,Redwood Software,charlotte_green@redwoodsoftware.com,High,Closed,Login Issue,2025-12-06 03:47:05,2025-12-12 15:47:05
TICK-51541,SilverLine Digital Corp,samuel.wright@silverlinedigital.com,High,Resolved,API Issue,2026-04-11 19:25:21,2026-04-16 12:25:21
TICK-51542, ClearBridge Software ,ataylor@clearbridgesoftware.com,Low,Resolved,Bug Report,2025-11-06 16:40:43,2025-11-11 14:40:43
TICK-51543,Everstone Software LLC,lucas.smith@everstonesoftware.com,High,Resolved,Data Sync,2025-12-08 20:19:48,2025-12-10 20:19:48
TICK-51544,Nova Dynamics,mia.jackson@novadynamics.com,High,Pending,Billing,2025-12-29 04:27:37,
TICK-51545,ClearBridge Digital,SOFIA_SMITH@CLEARBRIDGEDIGITAL.COM,Medium,Resolved,Access Request,2025-12-13 16:05:51,2025-12-15 18:05:51
TICK-51546,CedarPoint Dynamics Corp,awhite@cedarpointdynamics.com,Urgent,Pending,API Issue,2025-10-18 23:48:20,
TICK-51547,Everstone Labs,daniel_allen@everstonelabs.com,Medium,Resolved,Login Issue,2026-03-03 15:02:42,2026-03-10 13:02:42
TICK-51548,SilverLine Ops LLC,michael_walker@silverlineops.com,High,Closed,API Issue,2026-02-23 13:04:39,2026-02-25 13:04:39
TICK-51549,Greenfield Data Inc,sophiam@greenfielddata.com,High,Open,API Issue,2026-01-07 00:09:43,
TICK-51550,SilverLine Ops,olivia.anderson@silverlineops.com,Medium,Resolved,Access Request,2026-02-15 02:54:57,2026-02-17 11:54:57
TICK-51551,BrightPath Technologies,mia.nelson@brightpathtechnologies.com,Medium,Closed,Billing,2025-09-28 17:27:18,2025-09-30 17:27:18
TICK-51552,BrightPath Health LLC,djackson@brightpathhealth.com,Low,Closed,Billing,2025-12-10 23:04:25,2025-12-13 01:04:25
TICK-51553,BrightPath Data Group,amelia_hall@brightpathdata.com,Medium,Resolved,Access Request,2025-09-16 15:01:31,2025-09-18 07:01:31
TICK-51554,PrimeWave Works,EVELYNK@PRIMEWAVEWORKS.COM,High,Resolved,Data Sync,2025-09-16 15:03:39,2025-09-19 00:03:39
TICK-51555,Summit Works Co,isabellal@summitworks.com,Medium,Closed,API Issue,2026-02-26 12:46:07,2026-03-02 02:46:07
TICK-51556,Skyline Systems,camilay@skylinesystems.com,Medium,Closed,Login Issue,2025-12-15 05:00:14,2025-12-19 01:00:14
TICK-51557,REDWOOD DIGITAL,henry_lewis@redwooddigital.com,Urgent,Open,Integration,2026-01-15 01:08:52,
TICK-51558,Redwood Cloud,lucas_thomas@redwoodcloud.com,High,Resolved,Feature Request,2025-11-18 18:08:02,2025-11-22 04:08:02
TICK-51559,Greenfield Logic,enelson@greenfieldlogic.com,Low,Closed,Access Request,2026-02-28 03:06:10,2026-03-06 23:06:10
TICK-51560,CloudForge Logic LLC,handerson@cloudforgelogic.com,Low,Open,Feature Request,2026-03-25 10:29:42,
TICK-51561,CloudForge Labs,,Medium,Resolved,Integration,2025-09-28 12:00:12,2025-10-01 20:00:12
TICK-51562,CedarPoint Analytics,aria.baker@cedarpointanalytics.com,Medium,Closed,Data Sync,2025-12-17 22:23:49,2025-12-22 07:23:49
TICK-51563, Velocity Dynamics ,charlotte_moore@velocitydynamics.com,Medium,Resolved,API Issue,2025-08-27 15:00:18,2025-09-02 17:00:18
TICK-51564, Velocity Logic Corp ,mwright@velocitylogic.com,High,Closed,API Issue,2026-02-26 20:58:08,2026-03-02 22:58:08
TICK-51565,Vertex Digital,athomas@vertexdigital.com,Low,Resolved,Bug Report,2025-09-16 00:50:16,2025-09-18 23:50:16
TICK-51566,BlueRiver Data,emma_lewis@blueriverdata.com,Urgent,Open,Bug Report,2026-01-22 18:28:57,
TICK-51567,Ironwood Labs,noahm@ironwoodlabs.com,Medium,Closed,Integration,2026-04-17 07:55:36,2026-04-20 02:55:36
TICK-51568, Summit Logic Corp ,mason.king@summitlogic.com,Medium,Closed,Access Request,2025-11-25 03:03:44,2025-12-01 00:03:44
TICK-51569,VELOCITY PARTNERS LLC,abrown@velocitypartners.com,Medium,Resolved,Feature Request,2025-11-29 22:19:50,2025-12-06 12:19:50
TICK-51570, CLOUDFORGE SOFTWARE ,evelyn_martin@cloudforgesoftware.com,Low,Open,Login Issue,2025-11-17 17:09:56,
TICK-51571,BlueRiver Works LLC,harper.smith@blueriverworks.com,High,Closed,Billing,2026-04-13 17:33:21,2026-04-18 22:33:21
TICK-51572, BrightPath Systems ,mia_hall@brightpathsystems.com,Urgent,Resolved,Access Request,2025-08-27 22:44:07,2025-09-03 04:44:07
TICK-51573,skyline digital inc,isabella_nelson@skylinedigital.com,Urgent,Closed,Billing,2026-01-17 11:33:43,2026-01-20 21:33:43
TICK-51574,Everstone Cloud,mason.baker@everstonecloud.com,Low,Open,Billing,2025-09-15 09:42:22,
TICK-51575,CedarPoint Dynamics,harper.jackson@cedarpointdynamics.com,Low,Closed,API Issue,2026-01-18 05:38:33,2026-01-20 13:38:33
TICK-51576, Ironwood Logic ,lunah@ironwoodlogic.com,High,Open,Data Sync,2025-11-19 06:23:15,
TICK-51577,Summit Technologies Co,luna_hall@summittechnologies.com,Medium,Open,Billing,2026-03-10 01:31:16,
TICK-51578, REDWOOD LOGIC ,charlotte_brown@redwoodlogic.com,Low,Open,Bug Report,2025-10-31 04:29:57,
TICK-51579, SilverLine Technologies ,alexander_johnson@silverlinetechnologies.com,Medium,Open,Access Request,2025-09-23 13:43:49,
TICK-51580,Redwood Solutions,henry.smith@redwoodsolutions.com,Medium,Resolved,Feature Request,2025-12-01 00:26:18,2025-12-07 14:26:18
TICK-51581, SILVERLINE SOFTWARE ,ahall@silverlinesoftware.com,Medium,Open,Integration,2025-08-28 18:04:44,
TICK-51582,Redwood Software,mia.thomas@redwoodsoftware.com,Medium,Pending,API Issue,2025-08-29 23:00:26,
TICK-51583, NORTHPEAK ANALYTICS ,olivia_baker@northpeakanalytics.com,Medium,Resolved,Access Request,2025-09-10 19:59:20,2025-09-11 13:59:20
TICK-51584,BLUERIVER SOLUTIONS,david.moore@blueriversolutions.com,Medium,Closed,Login Issue,2026-02-10 21:56:44,2026-02-16 21:56:44
TICK-51585,PrimeWave Ops,elijah.wright@primewaveops.com,Medium,Closed,Access Request,2026-03-24 09:11:37,2026-03-30 00:11:37
TICK-51586,IRONWOOD OPS LLC,james_jackson@ironwoodops.com,High,Resolved,Access Request,2025-09-22 09:27:31,2025-09-26 01:27:31
TICK-51587,PrimeWave Networks,lbaker@primewavenetworks.com,Low,Open,Integration,2025-09-10 07:32:30,
TICK-51588,Summit Software,sgreen@summitsoftware.com,Low,Open,Integration,2025-10-22 12:12:01,
TICK-51589,Summit Labs,,Medium,Resolved,Data Sync,2026-01-04 13:29:02,2026-01-11 07:29:02
TICK-51590,SilverLine Ops,james_baker@silverlineops.com,Medium,Pending,Data Sync,2026-03-21 00:10:00,
TICK-51591,Skyline Health,samuelm@skylinehealth.com,Low,Resolved,Data Sync,2026-02-18 00:55:14,2026-02-19 17:55:14
TICK-51592,Velocity Digital,emmat@velocitydigital.com,Medium,Pending,Data Sync,2025-11-29 05:00:10,
TICK-51593,Redwood Logic,benjaminm@redwoodlogic.com,Medium,Resolved,Bug Report,2026-03-18 20:33:49,2026-03-20 20:33:49
TICK-51594,Nova Systems,ariah@novasystems.com,Medium,Open,Bug Report,2025-09-27 09:00:22,
TICK-51595,BlueRiver Systems,elijah.clark@blueriversystems.com,Medium,Pending,API Issue,2025-12-20 08:09:21,
TICK-51596,Skyline Solutions,harper_jackson@skylinesolutions.com,Low,Closed,Integration,2026-04-14 06:51:42,2026-04-19 01:51:42
TICK-51597, BrightPath Health ,chloe.clark@brightpathhealth.com,Medium,Resolved,API Issue,2025-09-18 11:35:12,2025-09-19 19:35:12
TICK-51598,BlueRiver Cloud,noah.nelson@bluerivercloud.com,Urgent,Resolved,Bug Report,2025-12-29 16:06:14,2025-12-30 13:06:14
TICK-51599,ClearBridge Dynamics,,Medium,Closed,Integration,2025-09-13 03:48:18,2025-09-19 23:48:18
TICK-51600,EVERSTONE SYSTEMS,sophia.anderson@everstonesystems.com,Medium,Closed,Feature Request,2026-02-14 21:25:26,2026-02-21 10:25:26
TICK-51601,Ironwood Health Inc,amelia.harris@ironwoodhealth.com,Medium,Open,Data Sync,2025-08-29 05:21:32,
TICK-51602, CloudForge Ops ,harper_smith@cloudforgeops.com,Medium,Resolved,Access Request,2025-11-21 19:50:22,2025-11-23 01:50:22
TICK-51603, Redwood Solutions ,emma.green@redwoodsolutions.com,High,Open,Data Sync,2025-12-05 04:46:38,
TICK-51604,Greenfield Data,ethann@greenfielddata.com,Low,Resolved,Integration,2026-01-10 04:46:09,2026-01-12 01:46:09
TICK-51605,Greenfield Systems,samuel_wright@greenfieldsystems.com,Low,Pending,Feature Request,2026-01-04 18:44:25,
TICK-51606,Skyline Solutions Inc,sophia.harris@skylinesolutions.com,Medium,Resolved,Data Sync,2025-11-18 13:22:58,2025-11-24 08:22:58
TICK-51607,Greenfield Digital,camilam@greenfielddigital.com,Low,Resolved,Bug Report,2026-01-21 12:01:11,2026-01-21 17:01:11
TICK-51608, Redwood Software Inc ,jamesl@redwoodsoftware.com,Medium,Open,Integration,2026-01-23 23:14:04,
TICK-51609,Apex Technologies,alexandert@apextechnologies.com,Urgent,Pending,Feature Request,2026-01-30 03:03:30,
TICK-51610,BrightPath Labs,henryj@brightpathlabs.com,Medium,Resolved,Billing,2025-12-29 01:46:06,2025-12-31 12:46:06
TICK-51611,Everstone Analytics,aallen@everstoneanalytics.com,Medium,Closed,Billing,2026-03-04 17:14:33,2026-03-06 14:14:33
TICK-51612,clearbridge digital,ALEXANDER.JACKSON@CLEARBRIDGEDIGITAL.COM,Medium,Closed,Feature Request,2025-09-18 02:52:27,2025-09-23 16:52:27
TICK-51613,Velocity Software,abrown@velocitysoftware.com,High,Pending,API Issue,2025-12-28 01:43:06,
TICK-51614, ClearBridge Ops ,sofia.anderson@clearbridgeops.com,Low,Open,API Issue,2025-12-09 00:35:44,
TICK-51615, NorthPeak Data Group ,EBAKER@NORTHPEAKDATA.COM,Medium,Closed,Integration,2026-01-21 05:46:51,2026-01-27 17:46:51
TICK-51616,Skyline Works,isabellab@skylineworks.com,Medium,Closed,Billing,2026-03-09 16:49:21,2026-03-12 20:49:21
TICK-51617,Velocity Technologies,lwright@velocitytechnologies.com,Medium,Resolved,Access Request,2025-10-26 05:28:03,2025-10-27 00:28:03
TICK-51618,Nova Partners,charlotte.harris@novapartners.com,High,Pending,Login Issue,2025-12-24 13:43:26,
TICK-51619, Ironwood Software Group ,benjaminw@ironwoodsoftware.com,Low,Pending,Feature Request,2025-10-18 23:46:12,
TICK-51620,CedarPoint Works,ethan.harris@cedarpointworks.com,Low,Pending,Login Issue,2025-09-21 20:28:08,
TICK-51621,Everstone Systems,swalker@everstonesystems.com,Medium,Pending,Access Request,2025-12-19 01:23:14,
TICK-51622,PrimeWave Ops,isabella_smith@primewaveops.com,Medium,Open,Integration,2025-09-15 21:51:03,
TICK-51623, CloudForge Networks ,eking@cloudforgenetworks.com,Urgent,Closed,Feature Request,2026-02-21 04:38:02,2026-02-22 23:38:02
TICK-51624,Everstone Analytics,olivian@everstoneanalytics.com,Medium,Resolved,Billing,2026-01-21 21:35:05,2026-01-25 12:35:05
TICK-51625,BlueRiver Cloud,charlotte_anderson@bluerivercloud.com,High,Closed,Billing,2025-09-22 21:47:45,2025-09-24 18:47:45
TICK-51626, BlueRiver Software ,lnelson@blueriversoftware.com,High,Pending,Bug Report,2025-12-20 17:32:08,
TICK-51627, BRIGHTPATH TECHNOLOGIES ,henrym@brightpathtechnologies.com,Medium,Resolved,Login Issue,2025-09-24 12:38:23,2025-09-24 22:38:23
TICK-51628,brightpath logic,ethan_thomas@brightpathlogic.com,Medium,Pending,Feature Request,2025-12-07 21:19:58,
TICK-51629,Apex Partners Co,david.young@apexpartners.com,Urgent,Resolved,Bug Report,2026-01-10 14:56:52,2026-01-15 04:56:52
TICK-51630, CloudForge Logic ,MASONL@CLOUDFORGELOGIC.COM,Medium,Pending,Feature Request,2026-04-02 10:02:02,
TICK-51631, Ironwood Ops ,chloe.clark@ironwoodops.com,Medium,Open,Bug Report,2025-11-06 16:44:37,
TICK-51632,Vertex Works,charlotte_young@vertexworks.com,Medium,Resolved,Access Request,2026-01-23 08:26:28,2026-01-29 07:26:28
TICK-51633,CedarPoint Partners,blewis@cedarpointpartners.com,Medium,Pending,Billing,2025-09-14 12:28:07,
TICK-51634,Apex Cloud,sophia.scott@apexcloud.com,Medium,Pending,Data Sync,2026-03-03 04:44:22,
TICK-51635,BrightPath Systems Co,evelyn_johnson@brightpathsystems.com,Medium,Closed,Login Issue,2026-02-04 20:49:55,2026-02-06 18:49:55
TICK-51636,BrightPath Health,BNELSON@BRIGHTPATHHEALTH.COM,Medium,Closed,Feature Request,2025-12-19 10:50:48,2025-12-19 21:50:48
TICK-51637,Nova Dynamics Group,,Medium,Closed,Data Sync,2025-11-22 18:30:47,2025-11-27 05:30:47
TICK-51638,BlueRiver Networks,olivia.adams@bluerivernetworks.com,Medium,Resolved,Data Sync,2025-09-20 19:03:50,2025-09-23 00:03:50
TICK-51639,Vertex Data Co,callen@vertexdata.com,Medium,Pending,API Issue,2025-11-22 11:40:49,
TICK-51640, BrightPath Technologies ,noah_martin@brightpathtechnologies.com,Low,Pending,Access Request,2026-04-16 05:19:51,
TICK-51641,Velocity Works,asmith@velocityworks.com,Low,Resolved,Bug Report,2025-12-31 21:36:33,2026-01-02 00:36:33
TICK-51642, CedarPoint Ops ,sthomas@cedarpointops.com,Medium,Open,Login Issue,2026-04-17 03:50:25,
TICK-51643, CloudForge Dynamics ,sofia_hall@cloudforgedynamics.com,Medium,Resolved,Feature Request,2026-01-28 01:27:48,2026-02-01 11:27:48
TICK-51644,CedarPoint Analytics,noaha@cedarpointanalytics.com,Medium,Resolved,Data Sync,2025-12-08 03:50:52,2025-12-14 05:50:52
TICK-51645, Vertex Technologies ,,Medium,Resolved,Data Sync,2025-09-24 13:37:54,2025-09-27 03:37:54
TICK-51646, Everstone Tech ,benjaminw@everstonetechnologies.com,Medium,Resolved,Billing,2026-02-14 00:13:45,2026-02-15 14:13:45
TICK-51647,Ironwood Ops,ebaker@ironwoodops.com,High,Open,Integration,2026-01-21 10:06:24,
TICK-51648,ClearBridge Analytics,,Urgent,Resolved,Integration,2025-11-17 02:23:33,2025-11-23 00:23:33
TICK-51649,Summit Works,cyoung@summitworks.com,High,Pending,Feature Request,2026-02-14 02:04:39,
TICK-51650,Ironwood Technologies,,Low,Closed,Feature Request,2025-12-15 04:38:02,2025-12-17 07:38:02
TICK-51651,SilverLine Works,HNELSON@SILVERLINEWORKS.COM,Urgent,Closed,API Issue,2026-02-07 01:27:20,2026-02-12 19:27:20
TICK-51652,Skyline Solutions,jamesh@skylinesolutions.com,High,Resolved,Data Sync,2025-11-02 02:55:29,2025-11-06 15:55:29
TICK-51653,BlueRiver Software Inc,ava.smith@blueriversoftware.com,High,Resolved,Integration,2025-12-26 06:05:59,2025-12-31 07:05:59
TICK-51654,BrightPath Data Group,mlewis@brightpathdata.com,Medium,Resolved,Integration,2025-12-23 17:56:53,2025-12-26 19:56:53
TICK-51655,CLEARBRIDGE DIGITAL,avac@clearbridgedigital.com,Urgent,Open,Billing,2025-10-07 03:29:37,
TICK-51656,PrimeWave Solutions,isabellat@primewavesolutions.com,High,Resolved,Integration,2026-01-09 23:15:03,2026-01-10 04:15:03
TICK-51657,Vertex Works,,High,Resolved,Integration,2026-03-24 07:38:04,2026-03-28 20:38:04
TICK-51658,silverline technologies,benjamin_wright@silverlinetechnologies.com,Medium,Open,Integration,2025-12-24 00:35:10,
TICK-51659,ClearBridge Analytics,mlewis@clearbridgeanalytics.com,High,Resolved,Login Issue,2026-02-15 14:35:36,2026-02-17 14:35:36
TICK-51660,Greenfield Networks LLC,alexander_hall@greenfieldnetworks.com,High,Resolved,Integration,2026-02-24 05:24:01,2026-02-24 21:24:01
TICK-51661,SKYLINE WORKS,,Medium,Resolved,Access Request,2025-10-25 08:24:00,2025-10-30 03:24:00
TICK-51662,Greenfield Partners,amelia_jackson@greenfieldpartners.com,Medium,Open,Bug Report,2026-02-28 23:46:12,
TICK-51663,Summit Logic,charris@summitlogic.com,Medium,Open,Feature Request,2026-01-13 21:32:06,
TICK-51664,BlueRiver Networks Inc,emma.adams@bluerivernetworks.com,Medium,Resolved,Feature Request,2026-02-04 13:22:24,2026-02-11 01:22:24
TICK-51665,Greenfield Networks,camila.allen@greenfieldnetworks.com,High,Resolved,Login Issue,2025-12-27 22:01:20,2025-12-31 01:01:20
TICK-51666,Velocity Systems,ethan.adams@velocitysystems.com,Medium,Pending,Integration,2025-11-20 11:15:07,
TICK-51667,ClearBridge Dynamics,charlottes@clearbridgedynamics.com,Medium,Resolved,API Issue,2026-03-23 15:13:04,2026-03-26 07:13:04
TICK-51668,PrimeWave Technologies,evelynt@primewavetechnologies.com,Low,Resolved,Data Sync,2025-11-08 10:40:31,2025-11-08 13:40:31
TICK-51669,Ironwood Health,swalker@ironwoodhealth.com,High,Closed,API Issue,2026-02-21 10:11:23,2026-02-24 04:11:23
TICK-51670,Redwood Ops,etaylor@redwoodops.com,Medium,Open,Billing,2026-03-18 05:56:01,
TICK-51671,Summit Data,masonb@summitdata.com,Medium,Open,Integration,2026-01-24 21:01:23,
TICK-51672,Everstone Analytics,daniel_clark@everstoneanalytics.com,Low,Closed,Access Request,2025-12-05 04:52:25,2025-12-05 19:52:25
TICK-51673, Ironwood Health ,avery_taylor@ironwoodhealth.com,Medium,Closed,API Issue,2026-03-26 00:51:06,2026-03-29 22:51:06
TICK-51674,CedarPoint Ops,mwhite@cedarpointops.com,High,Closed,Access Request,2026-01-31 02:23:28,2026-02-03 12:23:28
TICK-51675,BlueRiver Systems,isabella_lewis@blueriversystems.com,Low,Resolved,API Issue,2026-03-15 22:31:48,2026-03-22 22:31:48
TICK-51676,Everstone Technologies,amartin@everstonetechnologies.com,Low,Closed,Login Issue,2026-01-25 19:09:00,2026-01-27 11:09:00
TICK-51677,Skyline Dynamics,daniel.baker@skylinedynamics.com,High,Pending,API Issue,2025-11-26 18:16:26,
TICK-51678,Apex Dynamics,ETHAN.WHITE@APEXDYNAMICS.COM,Medium,Pending,Login Issue,2025-12-10 04:34:33,
TICK-51679, SUMMIT DATA ,charlotte_young@summitdata.com,High,Resolved,Bug Report,2025-10-05 03:47:07,2025-10-10 15:47:07
TICK-51680, PrimeWave Software ,sophiah@primewavesoftware.com,Urgent,Open,Bug Report,2026-04-12 07:22:54,
TICK-51681, BlueRiver Analytics ,henryk@blueriveranalytics.com,Urgent,Resolved,Bug Report,2025-09-04 00:23:39,2025-09-10 18:23:39
TICK-51682,Greenfield Labs Inc,evelync@greenfieldlabs.com,Medium,Closed,Billing,2025-11-15 20:31:19,2025-11-22 00:31:19
TICK-51683,Redwood Logic Group,sofia.green@redwoodlogic.com,Low,Resolved,Access Request,2025-11-28 10:43:52,2025-11-28 18:43:52
TICK-51684, Nova Tech Inc ,othomas@novatechnologies.com,High,Pending,API Issue,2025-12-26 18:16:09,
TICK-51685,IRONWOOD SOFTWARE LLC,james_taylor@ironwoodsoftware.com,Low,Resolved,Integration,2026-03-11 09:54:18,2026-03-15 05:54:18
TICK-51686,Skyline Systems,oliviam@skylinesystems.com,Medium,Pending,API Issue,2025-10-17 11:59:16,
TICK-51687,Nova Software,isabella.white@novasoftware.com,Medium,Pending,Bug Report,2026-03-31 15:54:38,
TICK-51688,Greenfield Labs,nmoore@greenfieldlabs.com,Medium,Closed,Feature Request,2026-04-01 01:07:26,2026-04-06 17:07:26
TICK-51689,ClearBridge Ops,HENRY.BAKER@CLEARBRIDGEOPS.COM,Low,Closed,Bug Report,2026-01-01 22:33:58,2026-01-04 21:33:58
TICK-51690, SilverLine Ops ,sophia.adams@silverlineops.com,High,Resolved,Bug Report,2025-12-03 14:26:30,2025-12-06 03:26:30
TICK-51691, Greenfield Partners ,henry_moore@greenfieldpartners.com,High,Pending,Access Request,2026-01-26 13:45:31,
TICK-51692,ClearBridge Data LLC,sophia.king@clearbridgedata.com,Medium,Open,Bug Report,2025-10-04 22:36:43,
TICK-51693,Summit Labs,,Medium,Pending,Bug Report,2026-04-08 07:37:25,
TICK-51694,Everstone Networks,swalker@everstonenetworks.com,Medium,Open,Bug Report,2025-09-14 15:54:45,
TICK-51695,ironwood digital,,High,Closed,Billing,2026-04-19 13:27:28,2026-04-25 02:27:28
TICK-51696,SilverLine Health,harper_scott@silverlinehealth.com,Medium,Closed,Feature Request,2026-03-22 09:34:03,2026-03-24 11:34:03
TICK-51697,SilverLine Works,avery.hall@silverlineworks.com,High,Open,Feature Request,2026-03-03 19:31:41,
TICK-51698,Nova Technologies,michael.taylor@novatechnologies.com,Medium,Closed,Billing,2026-02-27 20:44:34,2026-03-02 09:44:34
TICK-51699,Skyline Technologies,elijah_adams@skylinetechnologies.com,Low,Pending,Access Request,2025-09-02 13:39:20,
TICK-51700, Skyline Health ,sophial@skylinehealth.com,Urgent,Closed,Data Sync,2026-02-18 00:26:59,2026-02-22 14:26:59
TICK-51701,Skyline Ops,eallen@skylineops.com,Medium,Closed,Feature Request,2025-10-07 14:21:39,2025-10-11 18:21:39
TICK-51702,NorthPeak Data,,Medium,Pending,Access Request,2025-10-28 15:48:24,
TICK-51703,Skyline Systems,logan_moore@skylinesystems.com,High,Open,Bug Report,2025-11-21 20:31:48,
TICK-51704,everstone cloud co,,Urgent,Resolved,Billing,2026-03-26 08:03:25,2026-03-27 10:03:25
TICK-51705,Summit Software,liam_hall@summitsoftware.com,Low,Pending,Integration,2026-02-05 22:26:28,
TICK-51706,Everstone Technologies,hwright@everstonetechnologies.com,High,Pending,Feature Request,2025-12-07 13:43:15,
TICK-51707,Velocity Solutions Inc,aking@velocitysolutions.com,Medium,Resolved,Billing,2026-02-14 16:35:29,2026-02-18 15:35:29
TICK-51708,Skyline Dynamics,,Low,Resolved,Data Sync,2026-03-06 04:34:50,2026-03-12 04:34:50
TICK-51709,skyline works,evelyn_taylor@skylineworks.com,Medium,Pending,Access Request,2025-09-12 21:14:21,
TICK-51710,CloudForge Systems Group,avaw@cloudforgesystems.com,Urgent,Resolved,Data Sync,2026-02-12 06:05:12,2026-02-15 19:05:12
TICK-51711,SILVERLINE CLOUD INC,amelia.hall@silverlinecloud.com,Urgent,Open,Bug Report,2026-01-27 03:50:41,
TICK-51712, BrightPath Software ,emma_white@brightpathsoftware.com,Urgent,Pending,Feature Request,2025-10-13 17:00:53,
TICK-51713,nova data,HARPER.LEWIS@NOVADATA.COM,Low,Open,Data Sync,2026-01-09 00:24:00,
TICK-51714,BrightPath Logic LLC,isabella.green@brightpathlogic.com,Medium,Resolved,Integration,2026-02-12 05:50:41,2026-02-15 17:50:41
TICK-51715,NorthPeak Partners,LUNA_BROWN@NORTHPEAKPARTNERS.COM,Low,Closed,Integration,2025-10-29 11:00:14,2025-11-03 21:00:14
TICK-51716, Nova Partners ,michaelw@novapartners.com,Urgent,Closed,Billing,2026-02-14 00:03:33,2026-02-20 01:03:33
TICK-51717,Everstone Ops,liam_king@everstoneops.com,High,Resolved,Data Sync,2025-10-25 11:42:00,2025-10-29 12:42:00
TICK-51718,Apex Analytics,dscott@apexanalytics.com,Medium,Closed,Access Request,2025-11-01 01:10:34,2025-11-04 12:10:34
TICK-51719,Velocity Data,evelyna@velocitydata.com,Medium,Open,Billing,2026-01-13 19:08:31,
TICK-51720,Greenfield Solutions,ladams@greenfieldsolutions.com,High,Resolved,Data Sync,2025-09-20 10:01:22,2025-09-25 18:01:22
TICK-51721,Apex Systems Group,lucasa@apexsystems.com,Medium,Pending,Access Request,2026-01-02 23:36:17,
TICK-51722,BlueRiver Analytics,liamk@blueriveranalytics.com,Low,Resolved,API Issue,2026-04-21 17:44:28,2026-04-24 16:44:28
TICK-51723,Vertex Logic,MASON.JOHNSON@VERTEXLOGIC.COM,Medium,Open,Login Issue,2026-03-13 20:46:06,
TICK-51724,BrightPath Solutions,ISABELLA.ADAMS@BRIGHTPATHSOLUTIONS.COM,Medium,Open,Data Sync,2025-08-31 23:26:39,
TICK-51725,SilverLine Sol,htaylor@silverlinesolutions.com,Urgent,Open,Bug Report,2026-04-11 23:33:47,
TICK-51726,skyline dynamics,lucas.young@skylinedynamics.com,High,Closed,Bug Report,2026-02-15 17:24:01,2026-02-18 13:24:01
TICK-51727,Velocity Systems Co,,High,Resolved,Data Sync,2025-12-28 09:48:36,2025-12-30 07:48:36
TICK-51728,Vertex Data,sophia.moore@vertexdata.com,Medium,Resolved,Data Sync,2026-01-10 09:02:18,2026-01-15 22:02:18
TICK-51729, SilverLine Works ,michaela@silverlineworks.com,Urgent,Open,Access Request,2026-01-09 07:44:57,
TICK-51730,BrightPath Logic,harper.walker@brightpathlogic.com,Low,Open,Billing,2025-12-02 15:18:13,
TICK-51731,Velocity Works,mason.white@velocityworks.com,Medium,Closed,Login Issue,2025-12-29 03:20:10,2025-12-31 08:20:10
TICK-51732,Skyline Solutions,michael_clark@skylinesolutions.com,Medium,Open,Integration,2025-10-31 12:35:27,
TICK-51733,Everstone Analytics,ctaylor@everstoneanalytics.com,High,Resolved,Billing,2025-11-01 07:32:09,2025-11-03 20:32:09
TICK-51734,redwood works,mia_hall@redwoodworks.com,High,Closed,Bug Report,2025-10-16 20:25:31,2025-10-17 02:25:31
TICK-51735,BrightPath Solutions,ebaker@brightpathsolutions.com,Medium,Pending,Login Issue,2026-02-18 08:54:47,
TICK-51736,greenfield partners,aria.wright@greenfieldpartners.com,Urgent,Closed,Login Issue,2026-02-09 04:30:03,2026-02-13 19:30:03
TICK-51737,Skyline Health,daniely@skylinehealth.com,High,Pending,Feature Request,2025-09-18 14:57:26,
TICK-51738,Everstone Works,ianderson@everstoneworks.com,High,Open,Access Request,2025-11-19 19:52:01,
TICK-51739,CloudForge Networks,asmith@cloudforgenetworks.com,Medium,Pending,Billing,2025-12-01 16:45:24,
TICK-51740,VELOCITY CLOUD,daniel_wright@velocitycloud.com,High,Open,Access Request,2026-01-19 17:05:51,
TICK-51741,CloudForge Works,ellab@cloudforgeworks.com,Medium,Closed,API Issue,2026-04-11 00:42:17,2026-04-13 17:42:17
TICK-51742,Summit Works,ethan_white@summitworks.com,Medium,Open,Login Issue,2025-09-15 22:12:42,
TICK-51743,SilverLine Health Group,benjamin_adams@silverlinehealth.com,Low,Resolved,Login Issue,2026-04-03 21:45:53,2026-04-08 14:45:53
TICK-51744,Skyline Digital,athomas@skylinedigital.com,Medium,Pending,Integration,2026-03-31 07:43:15,
TICK-51745,Redwood Sol,sofia_white@redwoodsolutions.com,Medium,Pending,Login Issue,2026-04-09 07:22:51,
TICK-51746,ClearBridge Ops,chloe_thomas@clearbridgeops.com,Medium,Open,Billing,2025-09-06 10:40:24,
TICK-51747,CloudForge Cloud,,Low,Resolved,Bug Report,2026-01-27 02:54:19,2026-02-02 21:54:19
TICK-51748,CedarPoint Systems Inc,sadams@cedarpointsystems.com,Medium,Closed,API Issue,2026-04-11 12:31:32,2026-04-16 02:31:32
TICK-51749,Apex Analytics,benjaminm@apexanalytics.com,High,Closed,Data Sync,2025-11-18 01:30:02,2025-11-20 20:30:02
TICK-51750,CloudForge Solutions,ESMITH@CLOUDFORGESOLUTIONS.COM,Medium,Resolved,API Issue,2026-01-02 18:12:00,2026-01-07 23:12:00
TICK-51751,CloudForge Ops,mia.baker@cloudforgeops.com,Medium,Closed,Login Issue,2025-09-06 07:45:49,2025-09-10 18:45:49
TICK-51752,SilverLine Systems,isabellam@silverlinesystems.com,Urgent,Closed,Feature Request,2025-10-11 05:19:40,2025-10-13 02:19:40
TICK-51753,Vertex Solutions Group,avery_nelson@vertexsolutions.com,High,Closed,Bug Report,2025-10-20 19:33:28,2025-10-24 08:33:28
TICK-51754,SilverLine Cloud,camila.nelson@silverlinecloud.com,Low,Pending,Data Sync,2026-01-22 15:25:26,
TICK-51755,BlueRiver Systems,cjackson@blueriversystems.com,Urgent,Pending,Billing,2026-02-13 03:41:58,
TICK-51756, NorthPeak Data ,LUCAS.ADAMS@NORTHPEAKDATA.COM,High,Open,Billing,2026-01-25 16:40:17,
TICK-51757,Greenfield Technologies Corp,benjaminn@greenfieldtechnologies.com,Low,Open,API Issue,2026-03-08 11:14:23,
TICK-51758,Summit Data,david_hall@summitdata.com,High,Pending,Data Sync,2026-04-14 01:52:36,
TICK-51759,primewave data llc,iadams@primewavedata.com,Medium,Closed,Integration,2026-04-16 06:17:57,2026-04-19 19:17:57
TICK-51760,Velocity Software,olivia_martin@velocitysoftware.com,Medium,Resolved,API Issue,2025-12-05 09:55:02,2025-12-07 03:55:02
TICK-51761,NorthPeak Partners,sofia.walker@northpeakpartners.com,Low,Open,Feature Request,2026-01-18 03:19:58,
TICK-51762,Vertex Works,ejohnson@vertexworks.com,High,Resolved,Access Request,2026-03-04 03:00:13,2026-03-08 20:00:13
TICK-51763,CloudForge Systems,sofia_scott@cloudforgesystems.com,Medium,Resolved,Access Request,2026-01-18 04:46:13,2026-01-20 07:46:13
TICK-51764,Velocity Dynamics,sophia.johnson@velocitydynamics.com,Medium,Closed,Feature Request,2025-10-23 07:58:48,2025-10-25 23:58:48
TICK-51765,Apex Logic Group,ELIJAH.GREEN@APEXLOGIC.COM,Medium,Resolved,Data Sync,2025-09-04 15:49:49,2025-09-08 07:49:49
TICK-51766,PrimeWave Health,llewis@primewavehealth.com,Medium,Open,Data Sync,2026-04-11 04:40:15,
TICK-51767,Velocity Cloud Inc,lucas_anderson@velocitycloud.com,Medium,Closed,Bug Report,2025-11-10 20:58:09,2025-11-17 01:58:09
TICK-51768,EVERSTONE DIGITAL,,Urgent,Pending,Data Sync,2025-09-14 06:12:35,
TICK-51769,Redwood Works,sofia_wright@redwoodworks.com,Medium,Open,Access Request,2026-04-13 20:59:12,
TICK-51770,Apex Logic,michaelw@apexlogic.com,Medium,Resolved,Feature Request,2025-12-19 11:30:07,2025-12-22 00:30:07
TICK-51771,Skyline Ops,chloej@skylineops.com,Medium,Pending,Access Request,2025-10-09 23:08:34,
TICK-51772,BrightPath Software,abrown@brightpathsoftware.com,Urgent,Pending,Access Request,2025-12-11 13:37:50,
TICK-51773,ClearBridge Systems,DANDERSON@CLEARBRIDGESYSTEMS.COM,Medium,Resolved,Data Sync,2026-01-17 17:06:20,2026-01-23 12:06:20
TICK-51774, Apex Technologies ,liam.harris@apextechnologies.com,Low,Pending,Integration,2026-03-27 12:52:54,
TICK-51775,PrimeWave Ops,amartin@primewaveops.com,Medium,Closed,Data Sync,2025-09-16 05:14:27,2025-09-20 15:14:27
TICK-51776,Ironwood Digital,elijah_scott@ironwooddigital.com,High,Open,Access Request,2026-03-09 09:02:48,
TICK-51777,PrimeWave Partners,mason_smith@primewavepartners.com,High,Closed,Access Request,2026-02-22 08:20:23,2026-02-26 22:20:23
TICK-51778, Redwood Systems LLC ,emmab@redwoodsystems.com,High,Closed,Billing,2025-12-30 07:12:58,2025-12-30 11:12:58
TICK-51779,Velocity Dynamics Co,ascott@velocitydynamics.com,Medium,Open,Login Issue,2025-09-26 10:59:00,
TICK-51780,Summit Digital,olivia_hall@summitdigital.com,Medium,Resolved,Access Request,2026-01-09 03:16:01,2026-01-10 11:16:01
TICK-51781,Greenfield Solutions Group,charlotte_johnson@greenfieldsolutions.com,Low,Closed,Integration,2025-09-08 01:16:03,2025-09-13 11:16:03
TICK-51782,Greenfield Digital,aria.nelson@greenfielddigital.com,Medium,Open,Integration,2026-01-16 19:09:23,
TICK-51783, Skyline Analytics ,samuely@skylineanalytics.com,Low,Closed,Access Request,2026-02-16 10:58:18,2026-02-18 10:58:18
TICK-51784, CloudForge Systems ,ladams@cloudforgesystems.com,Urgent,Pending,Data Sync,2026-02-27 22:18:37,
TICK-51785,SilverLine Technologies,athomas@silverlinetechnologies.com,Medium,Closed,Integration,2026-03-14 02:01:33,2026-03-18 16:01:33
TICK-51786, Summit Digital ,ava_harris@summitdigital.com,High,Pending,Login Issue,2025-12-30 18:46:59,
TICK-51787,CEDARPOINT DYNAMICS,aanderson@cedarpointdynamics.com,Low,Closed,Bug Report,2026-03-23 16:08:40,2026-03-27 05:08:40
TICK-51788, Everstone Analytics ,arian@everstoneanalytics.com,Medium,Open,Data Sync,2026-01-16 08:48:59,
TICK-51789,CLEARBRIDGE PARTNERS INC,isabellaj@clearbridgepartners.com,Medium,Pending,API Issue,2025-09-29 10:13:02,
TICK-51790,CedarPoint Partners,liam_green@cedarpointpartners.com,Medium,Open,Billing,2026-02-27 04:44:18,
TICK-51791,CedarPoint Works,bking@cedarpointworks.com,Medium,Closed,Integration,2025-11-21 05:11:36,2025-11-25 11:11:36
TICK-51792,BlueRiver Technologies,igreen@bluerivertechnologies.com,Low,Open,Billing,2026-01-08 10:57:04,
TICK-51793,Summit Software,benjamin.wright@summitsoftware.com,High,Pending,Login Issue,2025-09-08 06:33:18,
TICK-51794,NorthPeak Analytics,elijah_nelson@northpeakanalytics.com,High,Resolved,Data Sync,2025-08-29 17:04:25,2025-09-02 19:04:25
TICK-51795, Summit Systems Inc ,noahm@summitsystems.com,Urgent,Open,Feature Request,2026-03-31 14:00:58,
TICK-51796, Apex Solutions ,sofia_martin@apexsolutions.com,Medium,Open,Access Request,2025-11-23 16:33:53,
TICK-51797,Everstone Technologies,logan.clark@everstonetechnologies.com,High,Closed,Access Request,2026-04-09 16:12:54,2026-04-14 23:12:54
TICK-51798,Apex Health,logan_thomas@apexhealth.com,Medium,Open,Login Issue,2026-02-06 12:21:30,
TICK-51799,CloudForge Technologies,sbaker@cloudforgetechnologies.com,High,Resolved,Login Issue,2025-11-05 17:12:48,2025-11-08 19:12:48
TICK-51800,SilverLine Data Group,,Medium,Resolved,API Issue,2026-02-21 12:11:10,2026-02-24 07:11:10
TICK-51801,vertex digital,henry.white@vertexdigital.com,Medium,Open,Feature Request,2026-02-03 15:19:44,
TICK-51802,GREENFIELD LOGIC CO,evelyn_anderson@greenfieldlogic.com,High,Pending,Bug Report,2026-01-05 08:27:49,
TICK-51803,Redwood Software,alexanderj@redwoodsoftware.com,Medium,Closed,Access Request,2026-01-13 07:55:18,2026-01-18 12:55:18
TICK-51804,BlueRiver Analytics,benjamin.white@blueriveranalytics.com,Low,Pending,Integration,2025-10-23 11:46:05,
TICK-51805,CloudForge Dynamics,avery_hall@cloudforgedynamics.com,High,Closed,Access Request,2025-10-24 19:01:46,2025-10-26 05:01:46
TICK-51806,NorthPeak Labs,lucasw@northpeaklabs.com,High,Closed,Data Sync,2026-02-19 12:37:29,2026-02-25 19:37:29
TICK-51807,Nova Digital,avab@novadigital.com,Urgent,Pending,Integration,2026-03-09 17:06:17,
TICK-51808,PrimeWave Works Group,,High,Resolved,Login Issue,2026-03-01 13:38:52,2026-03-01 18:38:52
TICK-51809,Redwood Digital,david.jackson@redwooddigital.com,Urgent,Open,Feature Request,2025-08-31 20:08:16,
TICK-51810,Velocity Digital Corp,lbaker@velocitydigital.com,High,Open,Data Sync,2025-09-22 16:19:08,
TICK-51811,primewave cloud llc,mason_adams@primewavecloud.com,Medium,Resolved,API Issue,2026-03-07 22:55:23,2026-03-09 22:55:23
TICK-51812, Nova Sys ,lucas.walker@novasystems.com,High,Open,Access Request,2026-01-03 13:37:37,
TICK-51813,NorthPeak Data,olivia_smith@northpeakdata.com,Medium,Pending,Data Sync,2025-09-01 14:11:43,
TICK-51814, Vertex Works ,lhall@vertexworks.com,Medium,Open,API Issue,2025-10-28 09:47:12,
TICK-51815,CedarPoint Dynamics,david_thomas@cedarpointdynamics.com,High,Pending,API Issue,2025-09-14 22:42:38,
TICK-51816,PrimeWave Dynamics LLC,daniel.king@primewavedynamics.com,Medium,Open,Login Issue,2025-11-23 10:59:40,
TICK-51817,CloudForge Digital,isabellaa@cloudforgedigital.com,Medium,Resolved,API Issue,2026-04-12 21:33:33,2026-04-15 14:33:33
TICK-51818,Summit Digital,dwalker@summitdigital.com,Medium,Closed,Feature Request,2025-12-08 10:23:53,2025-12-10 19:23:53
TICK-51819,Nova Analytics,aria.smith@novaanalytics.com,High,Closed,Billing,2025-08-31 00:26:29,2025-09-05 09:26:29
TICK-51820, Skyline Partners Inc ,elijah_clark@skylinepartners.com,Urgent,Open,Feature Request,2025-11-08 15:57:53,
TICK-51821, Summit Solutions Corp ,amelia_thomas@summitsolutions.com,Low,Closed,Login Issue,2025-08-28 12:04:37,2025-09-02 05:04:37
TICK-51822,ClearBridge Works,evelyn.taylor@clearbridgeworks.com,Medium,Closed,Login Issue,2025-09-15 02:46:21,2025-09-16 19:46:21
TICK-51823,Velocity Partners,,Low,Pending,Data Sync,2026-04-05 03:07:51,
TICK-51824,CedarPoint Cloud Inc,swalker@cedarpointcloud.com,Medium,Resolved,Login Issue,2026-01-14 09:46:31,2026-01-15 09:46:31
TICK-51825,BlueRiver Ops,noaht@blueriverops.com,Medium,Resolved,Access Request,2026-01-26 20:30:38,2026-01-31 10:30:38
TICK-51826, Vertex Labs ,henry_baker@vertexlabs.com,High,Open,Login Issue,2025-11-08 03:49:12,
TICK-51827, Vertex Logic LLC ,samuelt@vertexlogic.com,Medium,Closed,Bug Report,2026-03-28 19:43:23,2026-03-29 22:43:23
TICK-51828, IRONWOOD OPS ,benjamin.hall@ironwoodops.com,Medium,Open,Bug Report,2026-02-12 10:57:03,
TICK-51829,PrimeWave Digital Inc,,Medium,Resolved,Billing,2025-09-15 12:16:43,2025-09-20 15:16:43
TICK-51830, Skyline Digital ,bking@skylinedigital.com,Medium,Resolved,Data Sync,2025-10-04 22:32:08,2025-10-09 19:32:08
TICK-51831,Greenfield Health,noah.brown@greenfieldhealth.com,High,Pending,Access Request,2026-02-05 13:52:56,
TICK-51832,Skyline Analytics Inc,elijahw@skylineanalytics.com,Medium,Closed,Data Sync,2025-10-22 10:11:13,2025-10-23 07:11:13
TICK-51833,ClearBridge Digital,landerson@clearbridgedigital.com,Medium,Closed,Data Sync,2025-12-10 10:26:19,2025-12-16 03:26:19
TICK-51834,Everstone Partners,sofiat@everstonepartners.com,Medium,Resolved,Integration,2025-11-20 20:21:12,2025-11-27 06:21:12
TICK-51835,PrimeWave Networks Co,,Urgent,Open,Login Issue,2025-11-24 11:04:48,
TICK-51836,CedarPoint Cloud,sophia.baker@cedarpointcloud.com,Medium,Resolved,Data Sync,2025-12-16 14:10:23,2025-12-19 05:10:23
TICK-51837,BlueRiver Ops,danielj@blueriverops.com,Medium,Resolved,Integration,2025-10-08 00:36:30,2025-10-13 16:36:30
TICK-51838,CedarPoint Software,samuel.smith@cedarpointsoftware.com,Medium,Resolved,Feature Request,2026-04-19 03:08:00,2026-04-23 19:08:00
TICK-51839,Ironwood Software,benjamin.allen@ironwoodsoftware.com,Medium,Closed,API Issue,2025-12-02 10:05:01,2025-12-08 12:05:01
TICK-51840,CloudForge Cloud,sofias@cloudforgecloud.com,Urgent,Pending,API Issue,2025-09-02 23:36:22,
TICK-51841,SilverLine Ops,SOPHIAB@SILVERLINEOPS.COM,Medium,Resolved,Billing,2025-09-24 14:56:29,2025-10-01 10:56:29
TICK-51842,CloudForge Ops,dyoung@cloudforgeops.com,Low,Closed,API Issue,2026-03-20 15:04:59,2026-03-21 06:04:59
TICK-51843,Vertex Dynamics,alexander_lewis@vertexdynamics.com,Low,Closed,API Issue,2025-11-27 11:44:44,2025-11-29 12:44:44
TICK-51844,Velocity Works,miam@velocityworks.com,Medium,Resolved,Login Issue,2026-02-20 13:41:23,2026-02-23 09:41:23
TICK-51845,CedarPoint Works,chloe.thomas@cedarpointworks.com,Low,Resolved,Billing,2025-12-23 22:29:58,2025-12-24 03:29:58
TICK-51846,Skyline Health,alexander.martin@skylinehealth.com,Medium,Closed,Data Sync,2025-12-31 14:44:59,2026-01-02 02:44:59
TICK-51847, cloudforge digital inc ,shall@cloudforgedigital.com,Medium,Resolved,Integration,2025-11-04 11:11:56,2025-11-09 10:11:56
TICK-51848,Apex Analytics,noaha@apexanalytics.com,High,Open,Bug Report,2025-11-14 07:24:20,
TICK-51849,Skyline Systems,jnelson@skylinesystems.com,High,Open,Billing,2025-10-04 23:05:04,
TICK-51850,CloudForge Solutions,,Low,Pending,Login Issue,2026-04-06 05:49:22,
TICK-51851, NorthPeak Systems ,michael.green@northpeaksystems.com,High,Open,Bug Report,2026-03-28 20:14:10,
TICK-51852,SilverLine Works,ava_moore@silverlineworks.com,Low,Resolved,Bug Report,2026-04-15 04:38:09,2026-04-17 21:38:09
TICK-51853, Nova Technologies ,charlottec@novatechnologies.com,Urgent,Pending,API Issue,2025-12-07 06:18:30,
TICK-51854,ClearBridge Dynamics,elijah.young@clearbridgedynamics.com,Urgent,Resolved,Bug Report,2025-12-06 04:22:52,2025-12-07 07:22:52
TICK-51855,Ironwood Technologies Co,amelia_harris@ironwoodtechnologies.com,Medium,Resolved,Billing,2026-02-28 15:06:16,2026-03-06 14:06:16
TICK-51856,Summit Technologies,camila_baker@summittechnologies.com,High,Pending,Login Issue,2025-08-31 23:59:06,
TICK-51857, CloudForge Systems ,djohnson@cloudforgesystems.com,Low,Pending,Integration,2026-04-11 23:24:39,
TICK-51858,SilverLine Digital,noah.walker@silverlinedigital.com,Low,Resolved,Login Issue,2026-04-04 23:12:30,2026-04-07 07:12:30
TICK-51859,VERTEX DATA,charlottea@vertexdata.com,Medium,Closed,API Issue,2025-11-04 14:42:42,2025-11-09 10:42:42
TICK-51860,NOVA TECHNOLOGIES CORP,daniel_lewis@novatechnologies.com,Medium,Open,Billing,2026-04-18 01:01:04,
TICK-51861,Vertex Software,ava.king@vertexsoftware.com,Medium,Resolved,Feature Request,2025-12-25 14:11:08,2025-12-29 02:11:08
TICK-51862,Redwood Cloud Co,mia_nelson@redwoodcloud.com,Urgent,Closed,Feature Request,2026-02-15 05:06:27,2026-02-21 00:06:27
TICK-51863,PrimeWave Software,,Urgent,Closed,Billing,2026-03-01 20:00:16,2026-03-04 21:00:16
TICK-51864, BlueRiver Analytics Corp ,mia.white@blueriveranalytics.com,Medium,Closed,Bug Report,2025-11-20 18:07:29,2025-11-27 12:07:29
TICK-51865,BrightPath Systems,isabella.smith@brightpathsystems.com,Medium,Open,Access Request,2025-09-13 18:30:48,
TICK-51866, IRONWOOD CLOUD CORP ,nwhite@ironwoodcloud.com,Medium,Pending,Login Issue,2025-10-30 21:47:04,
TICK-51867,Ironwood Logic Inc,sophial@ironwoodlogic.com,Low,Open,Login Issue,2026-03-10 16:29:28,
TICK-51868,BrightPath Labs,lunab@brightpathlabs.com,Low,Pending,Billing,2026-03-06 20:22:07,
TICK-51869, Velocity Works ,MASON_TAYLOR@VELOCITYWORKS.COM,Medium,Closed,Bug Report,2025-11-22 13:12:41,2025-11-24 07:12:41
TICK-51870, Everstone Ops Group ,chloeb@everstoneops.com,Medium,Resolved,API Issue,2026-03-09 21:13:48,2026-03-11 21:13:48
TICK-51871,SilverLine Works,amelia_wright@silverlineworks.com,Medium,Closed,Bug Report,2025-12-12 02:28:18,2025-12-18 12:28:18
TICK-51872,ClearBridge Ops,michaelh@clearbridgeops.com,Medium,Resolved,Billing,2025-08-27 15:51:59,2025-08-31 00:51:59
TICK-51873,Everstone Works,david_baker@everstoneworks.com,Medium,Closed,Login Issue,2026-02-26 19:43:35,2026-03-03 23:43:35
TICK-51874,NorthPeak Sol,james_king@northpeaksolutions.com,Low,Open,Integration,2026-02-18 06:33:23,
TICK-51875,Everstone Ops Corp,chloea@everstoneops.com,Medium,Pending,Access Request,2025-10-28 07:12:12,
TICK-51876,PrimeWave Digital,ella_green@primewavedigital.com,High,Open,Access Request,2026-04-06 02:28:32,
TICK-51877, Nova Sol ,logans@novasolutions.com,Low,Closed,Feature Request,2026-02-28 15:47:25,2026-03-01 21:47:25
TICK-51878,Skyline Partners,ethanh@skylinepartners.com,Medium,Resolved,Feature Request,2025-12-03 04:06:47,2025-12-03 15:06:47
TICK-51879,Nova Data,cmoore@novadata.com,Urgent,Pending,Billing,2026-02-25 13:58:48,
TICK-51880,Velocity Dynamics,sanderson@velocitydynamics.com,High,Open,API Issue,2026-02-16 05:31:25,
TICK-51881,Summit Digital,mason_walker@summitdigital.com,Medium,Closed,Bug Report,2026-02-07 07:43:05,2026-02-07 14:43:05
TICK-51882,primewave solutions corp,samuel_scott@primewavesolutions.com,Medium,Open,Bug Report,2026-01-12 16:21:53,
TICK-51883, CloudForge Cloud ,EVELYN_BAKER@CLOUDFORGECLOUD.COM,Medium,Resolved,Feature Request,2025-09-19 19:58:10,2025-09-24 00:58:10
TICK-51884,Redwood Data Group,sscott@redwooddata.com,Low,Resolved,Integration,2026-04-20 19:36:33,2026-04-21 12:36:33
TICK-51885, Apex Systems ,hwalker@apexsystems.com,Medium,Pending,Login Issue,2026-02-28 06:31:59,
TICK-51886,NorthPeak Software,camila.jackson@northpeaksoftware.com,Medium,Resolved,Login Issue,2025-11-01 12:26:56,2025-11-04 18:26:56
TICK-51887,everstone analytics,evelyn.martin@everstoneanalytics.com,Urgent,Open,Integration,2025-10-21 01:52:12,
TICK-51888,VERTEX WORKS,isabellat@vertexworks.com,High,Resolved,API Issue,2025-11-14 10:29:25,2025-11-18 07:29:25
TICK-51889,Summit Technologies,awright@summittechnologies.com,Low,Closed,Bug Report,2026-02-26 03:56:57,2026-02-27 01:56:57
TICK-51890,BrightPath Ops,aria_anderson@brightpathops.com,High,Pending,Login Issue,2026-03-12 04:41:29,
TICK-51891, Redwood Logic ,amelia_young@redwoodlogic.com,High,Closed,API Issue,2026-03-18 05:32:38,2026-03-23 00:32:38
TICK-51892, SUMMIT ANALYTICS GROUP ,ethant@summitanalytics.com,Medium,Closed,Login Issue,2026-01-19 04:54:46,2026-01-23 07:54:46
TICK-51893,BlueRiver Solutions Co,lmartin@blueriversolutions.com,Medium,Open,Login Issue,2025-09-21 13:16:33,
TICK-51894,Velocity Systems Co,,High,Pending,Access Request,2025-11-15 02:23:01,
TICK-51895,EVERSTONE PARTNERS,ajackson@everstonepartners.com,High,Resolved,Access Request,2025-09-12 17:19:32,2025-09-13 11:19:32
TICK-51896,Skyline Cloud Co,samuel.green@skylinecloud.com,High,Open,API Issue,2026-02-17 17:11:17,
TICK-51897,Everstone Software,ava.walker@everstonesoftware.com,High,Open,Bug Report,2025-12-05 02:59:34,
TICK-51898, PRIMEWAVE OPS ,logan.allen@primewaveops.com,High,Resolved,Login Issue,2026-01-05 07:34:38,2026-01-05 19:34:38
TICK-51899,Nova Data Co,csmith@novadata.com,Low,Resolved,Feature Request,2025-10-08 10:12:20,2025-10-11 23:12:20
TICK-51900,EVERSTONE CLOUD,MICHAELA@EVERSTONECLOUD.COM,Medium,Closed,Data Sync,2026-03-08 20:31:07,2026-03-12 11:31:07
TICK-51901, Everstone Labs ,alexander.jackson@everstonelabs.com,Low,Closed,Billing,2025-10-07 07:23:46,2025-10-12 14:23:46
TICK-51902,Greenfield Networks,sofia.allen@greenfieldnetworks.com,Low,Resolved,Bug Report,2026-04-03 03:16:09,2026-04-06 17:16:09
TICK-51903,ClearBridge Cloud,lucas_nelson@clearbridgecloud.com,Medium,Resolved,Data Sync,2025-10-18 02:13:42,2025-10-20 22:13:42
TICK-51904, Apex Sys ,averys@apexsystems.com,Urgent,Resolved,Login Issue,2025-11-02 09:16:44,2025-11-05 03:16:44
TICK-51905,Apex Solutions LLC,ojackson@apexsolutions.com,Low,Open,Bug Report,2025-08-29 20:28:02,
TICK-51906,BlueRiver Software,liam_johnson@blueriversoftware.com,Low,Closed,Access Request,2026-02-19 23:40:27,2026-02-23 11:40:27
TICK-51907,Vertex Digital,isabellac@vertexdigital.com,Low,Pending,API Issue,2026-03-28 17:28:33,
TICK-51908, BlueRiver Systems ,,Medium,Closed,Integration,2026-03-28 14:05:24,2026-03-31 20:05:24
TICK-51909,PrimeWave Solutions Inc,logan.adams@primewavesolutions.com,High,Closed,Data Sync,2026-02-05 22:35:22,2026-02-10 22:35:22
TICK-51910, silverline solutions ,nbrown@silverlinesolutions.com,Medium,Closed,Billing,2026-03-20 21:16:07,2026-03-26 17:16:07
TICK-51911, CloudForge Software ,olewis@cloudforgesoftware.com,High,Resolved,Login Issue,2026-01-11 15:21:41,2026-01-12 02:21:41
TICK-51912,PrimeWave Digital,michael_brown@primewavedigital.com,Low,Pending,Billing,2025-10-12 14:20:55,
TICK-51913,Redwood Software LLC,michael_young@redwoodsoftware.com,Urgent,Pending,Data Sync,2026-01-12 10:38:44,
TICK-51914,Vertex Analytics,avery_king@vertexanalytics.com,Medium,Open,Bug Report,2025-12-07 21:40:51,
TICK-51915,NorthPeak Software,ava_walker@northpeaksoftware.com,Medium,Closed,Billing,2025-09-16 10:51:20,2025-09-23 07:51:20
TICK-51916,Everstone Labs Group,emmam@everstonelabs.com,Medium,Pending,Integration,2025-08-27 23:47:07,
TICK-51917,VELOCITY SOFTWARE,isabella_white@velocitysoftware.com,Low,Resolved,Billing,2026-01-17 13:50:42,2026-01-17 16:50:42
TICK-51918, Ironwood Digital ,elijah.moore@ironwooddigital.com,Urgent,Resolved,Access Request,2026-02-18 14:38:02,2026-02-22 14:38:02
TICK-51919,CloudForge Works,avak@cloudforgeworks.com,Medium,Resolved,Billing,2025-12-19 18:25:50,2025-12-25 14:25:50
TICK-51920, CloudForge Technologies ,oliviah@cloudforgetechnologies.com,High,Closed,Feature Request,2025-10-19 02:48:07,2025-10-23 00:48:07
TICK-51921, PrimeWave Cloud ,ELIJAHY@PRIMEWAVECLOUD.COM,Medium,Open,Billing,2026-01-13 02:28:36,
TICK-51922, Velocity Solutions ,lwright@velocitysolutions.com,Medium,Open,Access Request,2026-01-17 20:32:41,
TICK-51923, CedarPoint Cloud Inc ,esmith@cedarpointcloud.com,Low,Resolved,Bug Report,2026-03-12 03:46:30,2026-03-18 17:46:30
TICK-51924,BlueRiver Software,charlotte.scott@blueriversoftware.com,Medium,Resolved,Integration,2025-11-12 19:08:01,2025-11-19 09:08:01
TICK-51925,Redwood Data,miab@redwooddata.com,Medium,Resolved,Feature Request,2026-01-08 15:17:46,2026-01-10 18:17:46
TICK-51926,PrimeWave Works,daniel.green@primewaveworks.com,Low,Pending,Bug Report,2025-12-17 17:37:37,
TICK-51927,greenfield labs llc,dadams@greenfieldlabs.com,Low,Pending,Bug Report,2025-11-15 08:42:04,
TICK-51928,CloudForge Dynamics,lunay@cloudforgedynamics.com,Medium,Closed,Data Sync,2026-03-25 21:10:43,2026-03-30 00:10:43
TICK-51929, BrightPath Works ,ballen@brightpathworks.com,Low,Resolved,API Issue,2026-02-02 06:03:28,2026-02-06 03:03:28
TICK-51930,CloudForge Digital Inc,aria.clark@cloudforgedigital.com,High,Resolved,Data Sync,2026-02-21 23:41:25,2026-02-28 18:41:25
TICK-51931,SilverLine Systems,,High,Closed,API Issue,2026-03-18 13:19:05,2026-03-20 11:19:05
TICK-51932,SilverLine Digital,aclark@silverlinedigital.com,Low,Open,Bug Report,2026-04-11 02:04:27,
TICK-51933,CedarPoint Solutions,ajohnson@cedarpointsolutions.com,High,Resolved,Bug Report,2026-04-20 01:52:29,2026-04-24 23:52:29
TICK-51934,Greenfield Partners,lking@greenfieldpartners.com,Low,Resolved,Login Issue,2026-02-18 20:18:32,2026-02-19 09:18:32
TICK-51935,Summit Labs Group,noah_walker@summitlabs.com,Medium,Resolved,Billing,2025-09-22 00:18:07,2025-09-27 11:18:07
TICK-51936,NorthPeak Partners,aadams@northpeakpartners.com,High,Resolved,Feature Request,2025-11-15 22:16:26,2025-11-17 20:16:26
TICK-51937, SilverLine Digital ,mason_green@silverlinedigital.com,Medium,Closed,Bug Report,2026-03-23 15:31:07,2026-03-24 18:31:07
TICK-51938,CedarPoint Sys Group,eallen@cedarpointsystems.com,Urgent,Pending,Bug Report,2025-12-01 14:40:44,
TICK-51939,Vertex Solutions,avat@vertexsolutions.com,Medium,Pending,API Issue,2026-01-28 10:55:20,
TICK-51940,Everstone Digital,lucasj@everstonedigital.com,High,Resolved,Access Request,2026-01-06 04:11:20,2026-01-09 10:11:20
TICK-51941,Vertex Analytics LLC,noaht@vertexanalytics.com,Medium,Open,Integration,2025-12-09 02:21:13,
TICK-51942,Vertex Analytics,manderson@vertexanalytics.com,Low,Closed,Feature Request,2025-10-17 03:29:00,2025-10-22 22:29:00
TICK-51943,Vertex Logic Co,emmak@vertexlogic.com,Low,Resolved,Data Sync,2026-01-17 13:29:39,2026-01-24 11:29:39
TICK-51944,CloudForge Labs Corp,lunaw@cloudforgelabs.com,Low,Resolved,Login Issue,2025-09-15 00:55:44,2025-09-16 16:55:44
TICK-51945,Skyline Dynamics Inc,ethanw@skylinedynamics.com,High,Pending,Access Request,2026-01-25 01:24:24,
TICK-51946,Summit Software,ameliaj@summitsoftware.com,Low,Closed,Access Request,2025-12-19 12:13:05,2025-12-26 12:13:05
TICK-51947,BrightPath Labs,camilal@brightpathlabs.com,High,Open,Login Issue,2025-11-10 17:49:19,
TICK-51948,NorthPeak Software,cjohnson@northpeaksoftware.com,Medium,Open,Bug Report,2026-03-05 20:24:08,
TICK-51949,summit data corp,lunab@summitdata.com,Low,Pending,Feature Request,2026-02-02 11:22:53,
TICK-51950,NorthPeak Partners,henryh@northpeakpartners.com,Medium,Closed,Feature Request,2026-04-05 06:26:58,2026-04-07 09:26:58
TICK-51951,Redwood Works,daniel.smith@redwoodworks.com,Medium,Resolved,Bug Report,2026-03-19 08:06:24,2026-03-21 04:06:24
TICK-51952,CloudForge Digital,lucasw@cloudforgedigital.com,Medium,Pending,Access Request,2025-12-15 07:05:38,
TICK-51953,CloudForge Networks,davidn@cloudforgenetworks.com,High,Pending,Data Sync,2025-10-15 00:24:25,
TICK-51954,Skyline Ops,averyk@skylineops.com,Medium,Open,Data Sync,2025-09-23 15:45:07,
TICK-51955,Greenfield Health Co,ssmith@greenfieldhealth.com,High,Pending,Integration,2026-03-10 05:05:56,
TICK-51956,CLEARBRIDGE DATA CO,egreen@clearbridgedata.com,Medium,Closed,Integration,2026-01-08 22:44:43,2026-01-12 17:44:43
TICK-51957,BlueRiver Analytics,isabellam@blueriveranalytics.com,High,Resolved,Login Issue,2025-11-26 16:23:29,2025-12-03 06:23:29
TICK-51958,Greenfield Labs Group,sbrown@greenfieldlabs.com,Medium,Open,Access Request,2026-03-16 20:43:49,
TICK-51959,ClearBridge Analytics,emma.clark@clearbridgeanalytics.com,Medium,Open,API Issue,2026-02-18 17:17:10,
TICK-51960, EVERSTONE CLOUD ,,Urgent,Open,Integration,2025-11-12 05:49:26,
TICK-51961,Apex Solutions Group,henryb@apexsolutions.com,Medium,Closed,Feature Request,2026-04-17 09:44:37,2026-04-22 18:44:37
TICK-51962,Velocity Solutions,daniely@velocitysolutions.com,High,Open,Feature Request,2025-12-07 16:46:43,
TICK-51963,CloudForge Systems,ethan_thomas@cloudforgesystems.com,Medium,Resolved,Integration,2025-12-26 07:55:27,2026-01-01 12:55:27
TICK-51964, BlueRiver Analytics ,obaker@blueriveranalytics.com,Medium,Resolved,Billing,2026-02-14 22:19:34,2026-02-17 10:19:34
TICK-51965,ClearBridge Digital,liam_thomas@clearbridgedigital.com,High,Closed,Billing,2025-10-08 10:42:30,2025-10-08 17:42:30
TICK-51966,CLOUDFORGE SOLUTIONS,jharris@cloudforgesolutions.com,High,Pending,Data Sync,2025-08-27 16:10:07,
TICK-51967,BlueRiver Data,agreen@blueriverdata.com,High,Open,Access Request,2025-11-14 14:05:08,
TICK-51968, PrimeWave Digital ,sofiat@primewavedigital.com,Medium,Open,Bug Report,2025-11-09 05:50:30,
TICK-51969,Ironwood Labs,elijah_wright@ironwoodlabs.com,Medium,Pending,Bug Report,2026-04-19 03:08:36,
TICK-51970,BrightPath Sys,henry.hall@brightpathsystems.com,High,Closed,API Issue,2026-04-05 22:09:52,2026-04-07 12:09:52
TICK-51971,Ironwood Cloud Inc,noah.moore@ironwoodcloud.com,Medium,Resolved,Login Issue,2025-09-29 04:04:20,2025-09-30 12:04:20
TICK-51972, Greenfield Digital ,MICHAEL.JOHNSON@GREENFIELDDIGITAL.COM,Medium,Closed,Access Request,2026-01-31 06:06:38,2026-02-05 05:06:38
TICK-51973,NOVA PARTNERS,david_clark@novapartners.com,Medium,Resolved,Billing,2025-12-21 19:58:34,2025-12-26 08:58:34
TICK-51974,Apex Logic,emmas@apexlogic.com,High,Pending,Feature Request,2025-10-23 17:18:11,
TICK-51975,SilverLine Data Group,aharris@silverlinedata.com,Low,Open,Integration,2026-02-21 11:42:33,
TICK-51976,Skyline Works Corp,elijah.clark@skylineworks.com,Medium,Closed,Billing,2026-04-06 05:38:07,2026-04-10 07:38:07
TICK-51977,BrightPath Solutions,samuel_hall@brightpathsolutions.com,Medium,Open,Bug Report,2025-10-10 17:16:17,
TICK-51978,Vertex Analytics,,Medium,Closed,API Issue,2026-02-04 22:02:34,2026-02-06 14:02:34
TICK-51979,EVERSTONE CLOUD CO,david_young@everstonecloud.com,Low,Resolved,Access Request,2025-11-17 22:15:55,2025-11-24 15:15:55
TICK-51980,PrimeWave Dynamics,,High,Pending,Login Issue,2025-12-29 17:42:06,
TICK-51981,PrimeWave Dynamics Co,olivia.jackson@primewavedynamics.com,High,Pending,Login Issue,2025-12-30 22:22:34,
TICK-51982, Everstone Works ,ethans@everstoneworks.com,Urgent,Resolved,Login Issue,2025-11-26 22:18:54,2025-12-01 11:18:54
TICK-51983, CedarPoint Cloud Group ,olivia.clark@cedarpointcloud.com,High,Closed,Bug Report,2025-10-10 14:55:43,2025-10-17 04:55:43
TICK-51984,blueriver data co,sofia.baker@blueriverdata.com,Medium,Open,Login Issue,2025-12-05 08:58:47,
TICK-51985, Summit Cloud ,EMMA_JOHNSON@SUMMITCLOUD.COM,Medium,Resolved,Data Sync,2025-10-27 01:51:56,2025-11-01 19:51:56
TICK-51986,CedarPoint Systems,shall@cedarpointsystems.com,Medium,Open,Feature Request,2026-01-23 16:53:25,
TICK-51987,SKYLINE ANALYTICS,ava_jackson@skylineanalytics.com,Low,Pending,Feature Request,2025-10-24 09:01:12,
TICK-51988,PrimeWave Dynamics,avery_clark@primewavedynamics.com,Medium,Closed,Feature Request,2026-03-15 15:37:54,2026-03-16 16:37:54
TICK-51989,Redwood Solutions,ella.brown@redwoodsolutions.com,Medium,Open,Access Request,2025-11-16 00:20:05,
TICK-51990,Summit Logic,ethanw@summitlogic.com,Medium,Open,API Issue,2026-02-25 14:41:08,
TICK-51991, Apex Partners ,elijaht@apexpartners.com,Medium,Resolved,Feature Request,2025-11-27 08:14:59,2025-11-27 11:14:59
TICK-51992,CloudForge Technologies,,Low,Open,Integration,2025-11-30 05:00:21,
TICK-51993,Nova Sys,ltaylor@novasystems.com,Low,Pending,Integration,2025-12-11 23:48:35,
TICK-51994, CEDARPOINT SOFTWARE CO ,chloea@cedarpointsoftware.com,Medium,Open,Data Sync,2025-09-02 02:43:04,
TICK-51995,Summit Solutions,anelson@summitsolutions.com,Medium,Resolved,Access Request,2026-01-14 14:33:10,2026-01-20 05:33:10
TICK-51996,Everstone Software LLC,emmac@everstonesoftware.com,Medium,Pending,Billing,2025-11-18 05:37:26,
TICK-51997,PrimeWave Dynamics Co,james_green@primewavedynamics.com,Urgent,Pending,Data Sync,2025-09-27 11:50:37,
TICK-51998,Summit Logic,benjamin_nelson@summitlogic.com,High,Resolved,Integration,2026-03-25 07:40:09,2026-03-29 20:40:09
TICK-51999,Redwood Solutions,othomas@redwoodsolutions.com,High,Resolved,Access Request,2025-11-05 07:28:54,2025-11-11 14:28:54
